text,label
Really struggling with this. I'm stuck between majoring in English and Pre-Med. Which has better long-term prospects?,education
My cholesterol is high. Should I change my diet or take statins? Feeling so lost.,health
I've been thinking a lot about this. I'm pregnant and not sure I want to keep it. How do I make this decision?,family
College is destroying my mental health. Should I prioritize my wellbeing or push through? Feeling so lost.,education
Big decision ahead. I'm happier when my partner is away on trips. What does that say about us?,relationship
My parents want to give me money to invest for them. Should I mix our finances? What would you do?,finance
Not sure what to do. Should I buy a new construction home or something with character that's older?,finance
Really struggling with this. My psychiatrist suggested ECT for my depression. Should I consider it?,health
My friends are all having kids and I'm feeling left behind. Should that influence my decision? I really need some perspective.,family
Should I go to the ER or wait for an urgent care appointment? Any advice?,health
Should I leave my cushy corporate job to work at a nonprofit with a mission I care about? Please help me decide.,career
Help! Should I do a thesis-based or course-based master's program?,education
Help! Should I prioritize my child's happiness or their future success?,family
Should I use a robo-advisor or manage my investments myself? Please help me decide.,finance
Here's my situation. Should I combine my Journalism major with a Nursing minor for better job prospects?,education
Is the Pomodoro technique actually effective or just trendy? Am I overthinking this?,lifestyle
Should I double major or focus on one thing and do it well? I really need some perspective.,education
Not sure what to do. College is destroying my mental health. Should I prioritize my wellbeing or push through?,education
My friends are all having kids and I'm feeling left behind. Should that influence my decision? Please help me decide.,family
Should my partner and I have kids even though we both have demanding careers? I really need some perspective.,family
I need advice. My lease is ending. Should I renew or finally make the move I've been dreaming about?,relocation
We're debating between gentle parenting and unconditional parenting. Which is better? Any advice?,family
Not sure what to do. My kid is being bullied. Should I call the school or teach them to handle it?,family
My doctor says I'm pre-diabetic. Should I go on medication or try lifestyle changes first? Am I overthinking this?,health
Is organic produce worth the extra cost? Please help me decide.,health
Here's my situation. I got accepted to State University for Journalism and a community college for Nursing. Which should I choose?,education
My university doesn't offer the exact major I want. Should I transfer or make do? What would you do?,education
Help! Should I plan every hour of my day or leave room for spontaneity?,lifestyle
"Should I move to a walkable city and sell my car, or keep the car and the suburbs? Any advice?",relocation
Should I have a nighttime routine or just collapse into bed? I really need some perspective.,lifestyle
Should I move closer to work to cut my commute or keep my affordable place?,relocation
Big decision ahead. I found out my partner has been lying about noise. Is this a dealbreaker?,relationship
Here's my situation. My company is relocating to New York and I have to decide by next month. What should I consider?,relocation
Really struggling with this. My doctor cleared me for exercise after a knee injury. Should I start slow or push through?,health
I've been thinking a lot about this. My spouse got a diplomatic posting to Canada. Should the whole family go?,relocation
I've been thinking a lot about this. My kid wants a dog but I know I'll be the one taking care of it. Should we get one?,family
Here's my situation. Should I invest in crypto or is it too risky?,finance
Should I count calories or focus on eating whole foods?,health
Really struggling with this. My doctor said I need to leave my physically demanding job. How do I transition to something else at 55?,career
Should I move closer to work to cut my commute or keep my affordable place? Has anyone been through this?,relocation
My partner never apologizes. Is this a personality trait or a red flag? What would you do?,relationship
Here's my situation. We're debating between permissive parenting and positive parenting. Which is better?,family
Should I rent first when moving to a new city or buy immediately? Feeling so lost.,relocation
Should I invest in individual stocks or stick with index funds?,finance
Here's my situation. My psychiatrist suggested ECT for my depression. Should I consider it?,health
My lease is ending. Should I renew or finally make the move I've been dreaming about?,relocation
My friend wants me to be their roommate in Vancouver. Should I take the plunge? Has anyone been through this?,relocation
Really struggling with this. My children don't want to move abroad. Should I make them anyway?,relocation
Help! Is getting a second master's degree in a different field a good idea?,education
I've been thinking a lot about this. I got into my dream school for the wrong major. Should I go anyway?,education
Help! We moved in together and now we fight about bathroom time all the time. Is this normal?,relationship
I need advice. I found messages between my partner and their coworker. Should I confront them?,relationship
My doctor cleared me for exercise after a back injury. Should I start slow or push through? What would you do?,health
My kid wants a dog but I know I'll be the one taking care of it. Should we get one? Am I overthinking this?,family
Not sure what to do. My parents offered to help with the down payment but want a say in which house. Should I accept?,finance
Help! I'm pregnant and not sure I want to keep it. How do I make this decision?,family
Should we celebrate every achievement or save praise for big things? Feeling so lost.,family
Should I take an entry-level position in a new field or hold out for something senior? What would you do?,career
Should I accept a promotion that means working weekends? Any advice?,career
Should I move to a smaller town where I can afford a house or stay in the city and rent? Please help me decide.,relocation
We want completely different things in life. Should we break up now or hope things change? What would you do?,relationship
I'm 45 and have no down payment saved. Should I even think about buying a home? Am I overthinking this?,finance
Here's my situation. My doctor recommended shoulder surgery but I'm scared of the risks. What should I do?,health
Is it better to rent and invest the difference or buy a home? Feeling so lost.,finance
Help! Should I turn my hobby into a side business or keep it fun?,lifestyle
Help! Should I use habit stacking to build new routines?,lifestyle
Not sure what to do. I want to start investing but the market feels really high right now. Should I wait?,finance
I got my Scrum Master certification but nobody will hire me without experience. Catch-22? I really need some perspective.,career
Here's my situation. My partner said they want to 'take a break.' What does that even mean?,relationship
Help! I'm tired of winter and want to move somewhere warm. Am I being impulsive?,relocation
I need advice. Should I let my child fail or protect them from every hardship?,family
Here's my situation. Should we get genetic testing before trying to conceive? I'm pregnant and not sure I want to keep it. How do I make this decision?,family
Here's my situation. My current employer countered my resignation with a huge raise. Should I stay? I love my job but hate my new manager. Can this be salvaged?,career
We want completely different things in life. Should we break up now or hope things change? Please help me decide.,relationship
I've been thinking a lot about this. Should I minor in something completely different from my major?,education
Here's my situation. I'm scared of healthcare quality in Argentina. Should that stop me from moving?,relocation
My children don't want to move abroad. Should I make them anyway? Any advice?,relocation
Is it better to have a strict morning routine or go with the flow? Am I overthinking this?,lifestyle
Big decision ahead. My landlord offered to sell me the house I'm renting. Should I buy it?,finance
Not sure what to do. Should we combine finances after getting married or keep things separate?,relationship
Not sure what to do. Is a master's from an online university respected in consulting?,education
I need advice. Should I get vaccinated against hepatitis even though I'm younger employee?,health
I've been thinking a lot about this. Should I give up lean meats completely or allow occasional treats?,health
We fight about bathroom time constantly. Is this normal relationship stuff or are we incompatible? Please help me decide.,relationship
I've been thinking a lot about this. My company offers an ESPP. Should I participate?,finance
"I got into a top graduate program but have to take on $50,000 in loans. Should I go? Any advice?",education
I've been thinking a lot about this. My friend wants me to be their roommate in Vancouver. Should I take the plunge?,relocation
I'm overwhelmed by all my subscriptions. Should I cancel everything and resubscribe only to what I miss? Feeling so lost.,lifestyle
My child is struggling socially. Should I arrange playdates or let them figure it out? Please help me decide.,family
My financial advisor charges 30%. Is that reasonable or should I go fee-only? I really need some perspective.,finance
Should I prioritize my child's happiness or their future success? I really need some perspective.,family
"I found the perfect engagement ring but it's $10,000. Is that too much? Has anyone been through this?",relationship
"I got into a top graduate program but have to take on $15,000 in loans. Should I go?",education
I need advice. I've been trying to conceive for 1 years. Should we consider fertility treatments?,family
I need a biopsy but my insurance won't cover it. Should I pay out of pocket?,health
Here's my situation. I'm considering a PhD in product management but it takes 20 years. Is it worth it?,education
Really struggling with this. Should I get a fixer-upper and do the work myself or hire contractors?,finance
Help! Should I pick up chess again after 8 years or try something completely new?,lifestyle
I've been thinking a lot about this. Should we adopt instead of having biological children?,family
My industry is dying and I need to reskill. What's the fastest path to something stable? What would you do?,career
I'm considering a no-buy year. Has anyone done this successfully? Has anyone been through this?,lifestyle
Should I keep my business as a side gig or commit to it fully?,career
Should I get rid of books I've already read or keep them as a library? I really need some perspective.,lifestyle
Is it minimalist to have a well-stocked pantry or should I shop more frequently? What would you do?,lifestyle
We're considering having our child skip a grade. Good idea or social suicide?,family
Help! Is organic produce worth the extra cost?,health
I want to learn to play ukulele. Should I take lessons or use apps? Feeling so lost.,lifestyle
Really struggling with this. My university doesn't offer the exact major I want. Should I transfer or make do?,education
Should I sign a prenup? My partner is offended that I even brought it up. Any advice?,relationship
My house is full of inherited furniture I don't like. Should I keep it for sentimental reasons?,lifestyle
Should I pursue a terminal master's or go straight for the doctorate? Feeling so lost.,education
Should I buy a fixer-upper in a great neighborhood or a move-in ready home in an okay area? Am I overthinking this?,finance
Not sure what to do. My partner wants a destination wedding but I want my grandparents there. What do we do?,relationship
I've been thinking a lot about this. Should I travel abroad for a medical procedure that's cheaper there?,health
Should I be a stay-at-home parent or keep my career? Any advice?,family
"Should I move in with my partner to save money, or is that a terrible reason? Any advice?",relationship
My company wants me to open an office in Colombia. Should I take the expat package? What would you do?,relocation
"Here's my situation. Should I go to grad school right after undergrad or work first? Does your major actually matter for your career, or is the degree enough?",education
Should I take out a personal loan to pay off my higher-interest credit cards? Am I overthinking this?,finance
Really struggling with this. Should I move my elderly parent to live with me abroad or visit them frequently?,relocation
I need advice. I'm scared of pregnancy and childbirth. Should I reconsider having kids?,family
Is organic produce worth the extra cost? Any advice?,health
Should I hire an international moving company or do it myself? Any advice?,relocation
Help! I've been a nurse for 6 years but my real passion is entrepreneur. How do I make the switch?,career
My friend keeps giving me stock tips. Should I listen or stick to my plan? What would you do?,finance
My financial advisor charges 15%. Is that reasonable or should I go fee-only?,finance
Should I hire an international moving company or do it myself? What would you do?,relocation
I'm happier when my partner is away on trips. What does that say about us? I really need some perspective.,relationship
Help! My partner got into grad school in Amsterdam. Should I move with them or try long distance?,relocation
Should I invest in crypto or is it too risky? Any advice?,finance
Should we let our kids have smartphones before high school? Please help me decide. Should we get a medical power of attorney for my aging parent?,family
I've been thinking a lot about this. Should we adopt an older child or wait for an infant?,family
"Big decision ahead. Should I move to a walkable city and sell my car, or keep the car and the suburbs?",relocation
"I've been thinking a lot about this. Should I wake up at 5am like all the successful people say, or find my own rhythm?",lifestyle
My parents want me to study Journalism but I'm passionate about Business. How do I decide? Please help me decide.,education
"I need advice. After getting laid off from tech, I'm considering healthcare. Anyone made this switch?",career
Should I travel abroad for a medical procedure that's cheaper there? Feeling so lost.,health
Big decision ahead. Is it minimalist to have a well-stocked pantry or should I shop more frequently?,lifestyle
Is it better to make my bed every morning or does it not matter? Any advice?,lifestyle
Should we adopt instead of having biological children? Feeling so lost.,family
Should I keep a storage unit in my home country or get rid of everything? Feeling so lost.,relocation
My partner of 3 years cheated. Can trust ever be rebuilt? Feeling so lost.,relationship
Here's my situation. Should I buy less stuff or buy higher quality stuff? Should I go back to church for the community even if I don't believe?,lifestyle
My partner wants 10 kids and I want {num2}. How do we compromise? I really need some perspective.,family
Should I use my entire savings for a down payment or keep an emergency fund? I really need some perspective.,finance
Big decision ahead. My partner has terrible habits around communication. How do I address this?,relationship
Should I force my kid to eat foods they hate or let them have preferences? What would you do?,family
Really struggling with this. I have two offers on the table — one from a amazing startup and one from a stable corporation. How do I choose?,career
Really struggling with this. Should I freeze my eggs even though I'm not sure I want kids?,family
I have a business idea but I'm scared to quit my job. When is the right time to leap? Has anyone been through this?,career
Should I unsubscribe from all marketing emails or just the ones I never read? Any advice?,lifestyle
Big decision ahead. Should I keep a storage unit in my home country or get rid of everything?,relocation
Should I go paperless with all my documents or keep physical copies? Feeling so lost.,lifestyle
We're considering having our child skip a grade. Good idea or social suicide? What would you do?,family
Big decision ahead. Should I end a 12-year relationship if the sex life has completely died?,relationship
I need advice. Should I tell my child they're adopted or keep it a secret?,family
Not sure what to do. My company wants me to open an office in Canada. Should I take the expat package?,relocation
Should I move to a new city for a job opportunity or stay where I'm comfortable? I really need some perspective.,relocation
Help! My employer offers tuition reimbursement for a master's. Should I do it part-time?,education
We can't agree on whether to have kids. Should we get married anyway? What would you do?,relationship
Should I minimize my kitchen gadgets or keep the ones I use once a year? Am I overthinking this?,lifestyle
Should I invest in South Korea emerging markets or stick to domestic? Am I overthinking this?,finance
I need advice. I got my ITIL certification but nobody will hire me without experience. Catch-22?,career
Should I combine my English major with a Finance minor for better job prospects? I really need some perspective.,education
Here's my situation. Should I buy a new construction home or something with character that's older?,finance
My child wants to go to a party where I know there will be drinking. Should I let them?,family
Not sure what to do. Should I use a robo-advisor or manage my investments myself?,finance
I've been thinking a lot about this. My partner is a hoarder and I'm a minimalist. Can this relationship survive?,lifestyle
Is moving to a country with a completely different culture a bad idea at 33? What would you do?,relocation
"Should I become a single parent by choice, or wait for a partner? Feeling so lost.",family
I'm being offered a remote position with minimal travel. Is that a good deal? Am I overthinking this?,career
I need advice. My partner wants a destination wedding but I want my grandparents there. What do we do?,relationship
We want completely different things in life. Should we break up now or hope things change? Has anyone been through this?,relationship
"Help! After getting laid off from tech, I'm considering healthcare. Anyone made this switch?",career
I need advice. I'm being transferred and need to sell my house in a down market. Should I rent it out instead?,finance
Help! Is it better to invest in ETFs or mutual funds?,finance
Not sure what to do. My partner said they want to 'take a break.' What does that even mean?,relationship
I've been thinking a lot about this. I have no idea what to major in. Should I take a gap year to figure it out?,education
Should I take an entry-level position in a new field or hold out for something senior? Please help me decide.,career
Really struggling with this. We're considering IVF but it's so expensive. Is it worth the financial strain?,family
Really struggling with this. Should I go to the ER or wait for an urgent care appointment?,health
My lease is ending. Should I renew or finally make the move I've been dreaming about? Has anyone been through this?,relocation
Really struggling with this. Should I buy a house now with these high interest rates or wait until next year?,finance
"Should I become a single parent by choice, or wait for a partner? Please help me decide.",family
Is it better to rent and invest the difference or buy a home? Please help me decide.,finance
Should I bootstrap my startup or take investor money and give up equity? I really need some perspective.,career
Big decision ahead. I'm 27 and have no down payment saved. Should I even think about buying a home?,finance
Should I sell my investments to pay off credit card debt?,finance
A recruiter reached out about a role that sounds perfect but requires a photography certification I don't have. Should I invest in it? Please help me decide.,career
My religious family doesn't approve of my partner. Should we still have the wedding? Am I overthinking this?,relationship
Help! Is med school worth the debt and stress if I'm not 10% sure I want to be a doctor?,education
I have two offers on the table — one from a fast-growing startup and one from a stable corporation. How do I choose? Any advice?,career
Should I move my elderly parent to live with me abroad or visit them frequently? Has anyone been through this?,relocation
I'm scared of healthcare quality in Colombia. Should that stop me from moving? Feeling so lost.,relocation
I have a family to support so I can't just quit. How do I career change responsibly?,career
Help! Should I invest in a Roth IRA or traditional IRA?,finance
I'm considering selling everything and living in a tiny house. Am I crazy? Please help me decide.,lifestyle
Should I put down 15% to avoid PMI or keep that money invested? Feeling so lost.,finance
My partner never apologizes. Is this a personality trait or a red flag? Feeling so lost.,relationship
I've been thinking a lot about this. Should I move back to my hometown or stay in the city where I built my life?,relocation
Is owning a car necessary or should I rely on public transit and rideshare? Has anyone been through this?,lifestyle
I'm burned out from undergrad. Should I take time off before grad school? Feeling so lost.,education
Is it worth the paperwork nightmare to move to Vietnam for love? Any advice?,relocation
I've been freelancing for a while. Should I go back to a full-time job or keep doing my own thing? I really need some perspective.,career
Should I buy less stuff or buy higher quality stuff?,lifestyle
Not sure what to do. Is intermittent fasting safe for someone with my health conditions?,health
Here's my situation. Should we adopt domestically or internationally?,family
My partner wants a destination wedding but I want my grandparents there. What do we do? Any advice?,relationship
Really struggling with this. Should we move before having kids or wait until after?,relocation
"I've been thinking a lot about this. My partner wants me to cut off my best friend. That's controlling, right?",relationship
Really struggling with this. My partner said they want to 'take a break.' What does that even mean?,relationship
I've been thinking a lot about this. My child has a learning disability. Should we mainstream them or find a specialized school?,family
Should I keep my citizenship when moving abroad permanently?,relocation
"I'm only staying because I'm afraid of being alone. That's not a good reason, right? Any advice?",relationship
Should I get a fixer-upper and do the work myself or hire contractors? Am I overthinking this?,finance
I'm engaged but having second thoughts. Is this just cold feet or something more? I really need some perspective.,relationship
I want to leave finance and become a teacher but the salary drop is scary.,career
I need advice. Should I do the 30-day minimalism challenge where you get rid of one thing each day?,lifestyle
Should I go paperless with all my documents or keep physical copies? Has anyone been through this?,lifestyle
Should I tell my child they're adopted or keep it a secret? What would you do?,family
Really struggling with this. Should I get rid of books I've already read or keep them as a library?,lifestyle
Really struggling with this. My partner is a hoarder and I'm a minimalist. Can this relationship survive?,lifestyle
My partner of 15 years cheated. Can trust ever be rebuilt? Please help me decide.,relationship
Not sure what to do. We're considering moving to Arizona for the tax benefits. Is that a good enough reason?,relocation
Big decision ahead. Should I declutter my entire house in one weekend or do it gradually?,lifestyle
My kid wants a dog but I know I'll be the one taking care of it. Should we get one? Please help me decide.,family
Not sure what to do. Should we become foster parents even if we don't plan to adopt?,family
Should I get a second opinion on my diagnosis or trust my current doctor? Feeling so lost.,health
Not sure what to do. I want to learn to play piano. Should I take lessons or use apps?,lifestyle
My cholesterol is high. Should I change my diet or take statins? Am I overthinking this?,health
Big decision ahead. Is moving to a country with a completely different culture a bad idea at 38?,relocation
I need advice. My partner wants to move in together after 9 months. Too soon?,relationship
Should I move back to my home country after living abroad for 6 years? What would you do?,relocation
Is an MBA worth it at 38 with 4 years of experience? I really need some perspective.,education
I've been thinking a lot about this. Should we have another child when our first was so difficult?,family
Should I give up legumes completely or allow occasional treats? Am I overthinking this?,health
Should we tell our families we're trying to conceive or keep it private? Any advice?,family
I'm engaged but having second thoughts. Is this just cold feet or something more? Please help me decide.,relationship
Should I study what I'm good at or what challenges me? Am I overthinking this?,education
I've been thinking a lot about this. I'm addicted to buying things when I'm stressed. How do I break this habit?,lifestyle
Help! Should we move before having kids or wait until after?,relocation
I've been thinking a lot about this. I'm a generalist in a world that wants specialists. How do I market myself?,career
Is it better to focus on one habit at a time or change multiple at once? Please help me decide.,lifestyle
I need advice. Is organic produce worth the extra cost?,health
Help! I'm scared of marriage because my parents divorced. How do I get past this?,relationship
Help! Should I see a registered dietitian or figure out nutrition myself?,health
Not sure what to do. I'm scared of marriage because my parents divorced. How do I get past this?,relationship
My partner is emotionally unavailable. Should I keep trying or accept they won't change?,relationship
I got recruited by a competitor with a much better package. Should I tell my boss? Please help me decide.,career
Should I leave my cushy corporate job to work at a nonprofit with a mission I care about? Am I overthinking this?,career
"Not sure what to do. Does your major actually matter for your career, or is the degree enough?",education
Big decision ahead. Should I drink smoothies every day for the health benefits?,health
Big decision ahead. Should I digitize all my photos or keep the physical albums?,lifestyle
Should I focus on cardio or strength training for weight loss? I really need some perspective.,health
Should I force my kid to eat foods they hate or let them have preferences? Please help me decide.,family
Thinking about pivoting from corporate life to creative work. Anyone done this? Has anyone been through this?,career
I'm not sure if I want to be in academia forever. Should I still pursue a PhD? What would you do?,education
I've been thinking a lot about this. Should I move closer to work to cut my commute or keep my affordable place?,relocation
Should I turn my hobby into a side business or keep it fun?,lifestyle
Big decision ahead. I'm burned out from undergrad. Should I take time off before grad school?,education
My partner got into grad school in Berlin. Should I move with them or try long distance? I really need some perspective.,relocation
My doctor recommended gallbladder removal but I'm scared of the risks. What should I do? Feeling so lost.,health
Should I eat before my morning workout or train fasted? Any advice?,health
I'm happier when my partner is away on trips. What does that say about us? Please help me decide.,relationship
Should I get genetic testing for sleep apnea that runs in my family? Please help me decide.,health
Really struggling with this. Should I change my last name when I get married? My partner says they don't care either way.,relationship
"Big decision ahead. I have $5,000 in credit card debt. Should I consolidate or use the avalanche method?",finance
I need advice. Should I go to the ER or wait for an urgent care appointment?,health
Really struggling with this. Should I use a robo-advisor or manage my investments myself?,finance
I'm good at {subject1} and {subject2}. Which should I pursue as a career? Feeling so lost.,education
I got recruited by a competitor with a much better package. Should I tell my boss? Am I overthinking this?,career
My doctor said I need to leave my physically demanding job. How do I transition to something else at 50? Has anyone been through this?,career
Should I eat before my morning workout or train fasted? What would you do?,health
Should I invest in a Roth IRA or traditional IRA? Please help me decide.,finance
Should I end a 25-year relationship if the sex life has completely died? Please help me decide.,relationship
I want to switch industries but every job posting wants experience I don't have. How do I break in? Feeling so lost.,career
I need advice. I'm considering buying a condo instead of a house. What are the hidden costs?,finance
Should I let my child fail or protect them from every hardship? Any advice?,family
Should I use habit stacking to build new routines? Feeling so lost. Should I journal every morning or only when I feel like it?,lifestyle
Should I keep my citizenship when moving abroad permanently? Has anyone been through this?,relocation
Here's my situation. Should I digitize all my photos or keep the physical albums?,lifestyle
I've been thinking a lot about this. I want a big wedding but my partner wants to elope. Can we compromise?,relationship
Here's my situation. I'm stuck between majoring in Theater and Computer Science. Which has better long-term prospects?,education
I've been thinking a lot about this. Should I break up before the holidays or wait until after?,relationship
"Is it worth waking up early on weekends too, or should I sleep in? Has anyone been through this?",lifestyle
I've been offered a chance to move from sales to product management. Good move? Any advice?,career
Here's my situation. I found out my partner has been lying about bathroom time. Is this a dealbreaker?,relationship
My industry is dying and I need to reskill. What's the fastest path to something stable? Please help me decide.,career
I've been thinking a lot about this. Is med school worth the debt and stress if I'm not 20% sure I want to be a doctor?,education
Should we get genetic testing before trying to conceive? What would you do?,family
Really struggling with this. We can't agree on whether to have kids. Should we get married anyway?,relationship
Should I pursue a terminal master's or go straight for the doctorate? Has anyone been through this?,education
Here's my situation. Should we let our kids have smartphones before high school?,family
I've been thinking a lot about this. Should I bootstrap my startup or take investor money and give up equity?,career
Should I invest in crypto or is it too risky? What would you do?,finance
Is organic produce worth the extra cost? Feeling so lost.,health
Help! Should I let my child fail or protect them from every hardship?,family
I found out my partner has been lying about bathroom time. Is this a dealbreaker? Please help me decide.,relationship
Not sure what to do. Should I invest in individual stocks or stick with index funds? Should I splurge on a professional camera or use my phone?,finance
Is it better to make my bed every morning or does it not matter? Has anyone been through this?,lifestyle
Help! We're fighting about screen time limits. What's reasonable for a 38-year-old?,family
Should I take a semester off to figure out what I actually want? Am I overthinking this?,education
Should I journal every morning or only when I feel like it? Feeling so lost.,lifestyle
Should we have kids close together or space them out? Has anyone been through this?,family
I want a big wedding but my partner wants to elope. Can we compromise? Has anyone been through this?,relationship
Big decision ahead. My friends are all having kids and I'm feeling left behind. Should that influence my decision?,family
"Not sure what to do. Should I wake up at 5am like all the successful people say, or find my own rhythm?",lifestyle
I found my dream house but it's 40% over my budget. Should I stretch? What would you do?,finance
My nutritionist says I should eat more nuts and seeds. Should I follow their plan exactly? Am I overthinking this?,health
Should I plan my week on Sunday night or Monday morning?,lifestyle
Big decision ahead. I'm pregnant and not sure I want to keep it. How do I make this decision?,family
My partner wants 20 kids and I want {num2}. How do we compromise? Any advice?,family
Should I double major or focus on one thing and do it well? What would you do?,education
Should I propose even though I can't afford an expensive ring right now? Please help me decide.,relationship
My friend keeps giving me stock tips. Should I listen or stick to my plan? Please help me decide.,finance
Is it dumb to invest in companies I actually use and like?,finance
Should I minor in something completely different from my major? I really need some perspective.,education
Should I rent first when moving to a new city or buy immediately? Am I overthinking this?,relocation
Should we use a sperm donor or keep trying with my partner's sperm? I really need some perspective. My partner wants 6 kids and I want {num2}. How do we compromise?,family
I have a business idea but I'm scared to quit my job. When is the right time to leap? Any advice?,career
I need advice. Should I invest in individual stocks or stick with index funds?,finance
Should I take a 40% pay cut to work at a company I'm actually passionate about? Feeling so lost.,career
Should I have my wisdom teeth removed even though they're not bothering me? Any advice?,health
I've been thinking a lot about this. Is B12 actually beneficial or a waste of money?,health
Should I buy in the city where I work or the suburbs where I can afford more? Am I overthinking this?,finance
My partner wants to go vegan but I love meat. How do we make meals work? What would you do?,health
My partner is from Colombia and wants to move back home. Should I go? Feeling so lost.,relocation
Not sure what to do. Should we get a new place together or move into one of our existing apartments?,relationship
My manager just told me I'm on a toxic performance plan. Should I start looking now? Am I overthinking this?,career
Help! Should we have kids close together or space them out?,family
Help! Should my partner and I have kids even though we both have demanding careers? My parent has early Alzheimer's. Should we tell extended family?,family
I need advice. Should we have kids close together or space them out?,family
I have no hobbies and feel boring. How do I find something I'm passionate about? Has anyone been through this?,lifestyle
Should I track my macros or just eat intuitively? Feeling so lost.,health
Help! Should I buy a house now with these high interest rates or wait until next year?,finance
Is it minimalist to have a well-stocked pantry or should I shop more frequently? Please help me decide.,lifestyle
My doctor said I need to leave my physically demanding job. How do I transition to something else at 38? I really need some perspective.,career
Not sure what to do. We fight about bathroom time constantly. Is this normal relationship stuff or are we incompatible?,relationship
My partner wants a destination wedding but I want my grandparents there. What do we do? What would you do?,relationship
Should I keep my citizenship when moving abroad permanently? Am I overthinking this?,relocation
I need advice. Should I accept a job that requires me to move to Vietnam?,relocation
Really struggling with this. Should we get a new place together or move into one of our existing apartments?,relationship
I need advice. I want to simplify my wardrobe to a capsule collection. Where do I start?,lifestyle
Should I meal prep every Sunday or cook fresh daily?,health
Big decision ahead. I want to read more books this year. Should I set a number goal or just read daily?,lifestyle
Big decision ahead. My partner and I both got into different grad schools. How do we decide?,education
Help! My parents want me to study Philosophy but I'm passionate about Computer Science. How do I decide?,education
Help! My doctor said I need to leave my physically demanding job. How do I transition to something else at 50?,career
"Help! Is international school worth the cost, or should I put my kids in local schools?",relocation
Not sure what to do. Should I reward myself for hitting habit milestones or rely on intrinsic motivation?,lifestyle
I've been thinking a lot about this. The new job pays 40% more but requires 10 more hours per week. Worth it?,career
Help! My spouse got a diplomatic posting to Thailand. Should the whole family go?,relocation
I have a family. Can I survive grad school while being a parent? Any advice?,education
Not sure what to do. Should I buy a fixer-upper in a great neighborhood or a move-in ready home in an okay area?,finance
Here's my situation. Should we use a sperm donor or keep trying with my partner's sperm?,family
I'm pregnant and not sure I want to keep it. How do I make this decision? Has anyone been through this?,family
A recruiter reached out about a role that sounds perfect but requires a coding certification I don't have. Should I invest in it? Feeling so lost.,career
My partner and I both got into different grad schools. How do we decide? I really need some perspective.,education
Should I reward myself for hitting habit milestones or rely on intrinsic motivation? What would you do?,lifestyle
Here's my situation. My religious family doesn't approve of my partner. Should we still have the wedding?,relationship
I need advice. Is it worth the paperwork nightmare to move to Colombia for love?,relocation
Should we tell our families we're trying to conceive or keep it private? What would you do?,family
Should I go to grad school locally or move across the country for a better program? Any advice?,education
I want to start investing but the market feels really high right now. Should I wait? I really need some perspective.,finance
Really struggling with this. Should I move back to my hometown or stay in the city where I built my life?,relocation
I need advice. I'm in my final year and want to drop out. My parents will be devastated. What do I do?,education
Big decision ahead. We agreed to try an open relationship and now I'm miserable. Should I end it?,relationship
Really struggling with this. Should I accept a job that requires me to move to the UK?,relocation
I have chronic pain and doctors can't find the cause. Should I keep searching? Any advice?,health
Should we get genetic testing before trying to conceive? Am I overthinking this?,family
I need advice. My neighborhood is changing and I don't feel safe anymore. Should I move?,relocation
I need advice. I have chronic pain and doctors can't find the cause. Should I keep searching?,health
Here's my situation. Should we tell our families we're trying to conceive or keep it private?,family
Really struggling with this. Should I get a professional certification instead of a full graduate degree?,education
I need advice. I'm in a PhD program and hate it. Should I drop out with a master's?,education
Really struggling with this. Is it minimalist to have a well-stocked pantry or should I shop more frequently?,lifestyle
I need advice. Should we adopt domestically or internationally?,family
"My dream company finally offered me a role, but it's in a different city. What should I do? Has anyone been through this?",career
Not sure what to do. Should I get a second opinion on my diagnosis or trust my current doctor?,health
My doctor says I need to reduce sodium. Should I cut it completely? Please help me decide.,health
My co-founder and I keep disagreeing on direction. Should we split up? Feeling so lost.,career
I've been thinking a lot about this. Should I move back to my home country after living abroad for 5 years?,relocation
Is meal replacement shakes a good option for busy days? Please help me decide.,health
My partner wants a destination wedding but I want my grandparents there. What do we do? Has anyone been through this?,relationship
We're thinking of moving from Seattle to Nashville for a lower cost of living. Worth it? I really need some perspective.,relocation
My psychiatrist suggested ECT for my depression. Should I consider it? Please help me decide.,health
Should I try {cuisine} cuisine for its supposed longevity benefits? I really need some perspective.,health
My spouse got a diplomatic posting to Germany. Should the whole family go? Any advice?,relocation
Is it better to rent and invest the difference or buy a home? Any advice?,finance
I want to stop procrastinating. Should I use the 2-minute rule or time blocking? I really need some perspective.,lifestyle
Is it dumb to invest in companies I actually use and like? Am I overthinking this?,finance
Should I pick up chess again after 1 years or try something completely new? Feeling so lost.,lifestyle
"Is international school worth the cost, or should I put my kids in local schools?",relocation
Really struggling with this. The job market is rough right now. Should I take an offer I'm not excited about just to have income?,career
I'm scared of marriage because my parents divorced. How do I get past this? Am I overthinking this?,relationship
I need advice. I want to read more books this year. Should I set a number goal or just read daily?,lifestyle
Not sure what to do. I need to choose between two treatment plans. How do I decide?,health
"I've been thinking a lot about this. My side hustle is making $2,000 per month. Should I go full-time?",career
Here's my situation. I'm burned out from undergrad. Should I take time off before grad school? I got accepted to a liberal arts school for History and a private university for Marketing. Which should I choose?,education
We agreed to try an open relationship and now I'm miserable. Should I end it? I really need some perspective.,relationship
My partner wants a destination wedding but I want my grandparents there. What do we do? Please help me decide.,relationship
My neighborhood is changing and I don't feel safe anymore. Should I move? Feeling so lost.,relocation
I've been thinking a lot about this. My child wants to go to a party where I know there will be drinking. Should I let them?,family
The new job pays 10% more but requires 10 more hours per week. Worth it? What would you do?,career
I'm a freshman and already hate my major. Is it too late to switch? I really need some perspective.,education
Big decision ahead. I was laid off last month and have been struggling to find something at the same level. Should I lower my expectations?,career
Should I bootstrap my startup or take investor money and give up equity? Please help me decide.,career
My friend swears by low-FODMAP but my doctor is skeptical. Who do I listen to? I really need some perspective.,health
Not sure what to do. Should I change my last name when I get married? My partner says they don't care either way.,relationship
I've been thinking a lot about this. Is the Pomodoro technique actually effective or just trendy?,lifestyle
Help! Should I use a robo-advisor or manage my investments myself?,finance
"Here's my situation. I have $1,000 in savings earning nothing. Where should I put it?",finance
I need advice. I want to stop procrastinating. Should I use the 2-minute rule or time blocking?,lifestyle
Really struggling with this. We're considering moving to Washington for the tax benefits. Is that a good enough reason?,relocation
Big decision ahead. I have an opportunity to lead a team for the first time but I'm terrified I'll fail. Should I go for it?,career
Big decision ahead. My spouse got a diplomatic posting to the Netherlands. Should the whole family go?,relocation
My partner wants to buy and I want to rent. How do we decide? What would you do?,finance
Is an MBA worth it at 48 with 25 years of experience? What would you do?,education
I've been thinking a lot about this. I'm considering moving to New York sight unseen for a remote job. Bad idea?,relocation
Should I buy a fixer-upper in a great neighborhood or a move-in ready home in an okay area? Please help me decide.,finance
My advisor says I should add a statistics minor to any major I choose. Good advice? Any advice?,education
I've been thinking a lot about this. Should I buy less stuff or buy higher quality stuff?,lifestyle
I've been thinking a lot about this. Is owning a car necessary or should I rely on public transit and rideshare?,lifestyle
Here's my situation. Should I participate in a clinical trial for my condition?,health
My kid is being bullied. Should I call the school or teach them to handle it? Should we make our kids share a room or give them their own spaces?,family
I need advice. Should I get a fixer-upper and do the work myself or hire contractors?,finance
"Big decision ahead. Should I move in with my partner to save money, or is that a terrible reason?",relationship
Help! I'm in a PhD program and hate it. Should I drop out with a master's?,education
I inherited a house that needs major repairs. Should I fix it up or sell as-is? Any advice?,finance
I've been thinking a lot about this. Should I get a professional certification instead of a full graduate degree?,education
"My dentist says I need extensive dental work but it costs $5,000. Is it really necessary? Please help me decide.",health
Should I buy a new construction home or something with character that's older? I really need some perspective.,finance
Should I learn the language before moving to the Netherlands or learn when I get there? Any advice?,relocation
My company offers an ESPP. Should I participate?,finance
Not sure what to do. Is moving to a country with a completely different culture a bad idea at 22?,relocation
Here's my situation. Should I go to a lower-ranked school with full funding or a top school with no aid?,education
I'm good at {subject1} and {subject2}. Which should I pursue as a career? What would you do?,education
"Should I move in with my partner to save money, or is that a terrible reason? Please help me decide.",relationship
The new job pays 20% more but requires 60 more hours per week. Worth it? Any advice?,career
I need advice. I was diagnosed with depression. Should I tell my employer?,health
I keep checking my investment app 8 times a day. Is this unhealthy? Feeling so lost.,finance
Really struggling with this. Should I get a fifth-year mortgage or stretch it to {year2} years for lower payments?,finance
My cholesterol is high. Should I change my diet or take statins?,health
Help! Is it better to rent and invest the difference or buy a home?,finance
Should I do a thesis-based or course-based master's program? I really need some perspective.,education
"Help! My partner wants me to cut off my best friend. That's controlling, right? Should I move in with my partner to save money, or is that a terrible reason?",relationship
I've been thinking a lot about this. My partner wants to buy and I want to rent. How do we decide?,finance
Should I practice a new language every day or take rest days?,lifestyle
Big decision ahead. I got accepted to a liberal arts school for English and a private university for Data Science. Which should I choose?,education
My PhD advisor is leaving the university. Should I follow them or find a new advisor? Please help me decide.,education
My partner is a hoarder and I'm a minimalist. Can this relationship survive? Any advice?,lifestyle
Not sure what to do. Should I leave my cushy corporate job to work at a nonprofit with a mission I care about?,career
"My dentist says I need extensive dental work but it costs $5,000. Is it really necessary? Has anyone been through this?",health
Not sure what to do. I'm overwhelmed by all my subscriptions. Should I cancel everything and resubscribe only to what I miss?,lifestyle
Should I go paperless with all my documents or keep physical copies? I really need some perspective.,lifestyle
The job market is rough right now. Should I take an offer I'm not excited about just to have income? Feeling so lost.,career
"My partner wants me to cut off my best friend. That's controlling, right?",relationship
Should we adopt an older child or wait for an infant? Please help me decide.,family
"I need advice. I found out my partner has been lying about guests. Is this a dealbreaker? I'm only staying because I'm afraid of being alone. That's not a good reason, right?",relationship
I still love my ex but I'm with someone new. Should I reach out? I really need some perspective.,relationship
I need advice. My company offers an ESPP. Should I participate?,finance
We're married but living like roommates. Is this fixable? Am I overthinking this?,relationship
My university doesn't offer the exact major I want. Should I transfer or make do? Feeling so lost.,education
Should I invest in a Roth IRA or traditional IRA? I'm 55 and haven't started investing for retirement. Am I too late?,finance
Should I move to a new city for a job opportunity or stay where I'm comfortable?,relocation
Is a home warranty worth it or a waste of money? What would you do?,finance
Should I get a second opinion on my diagnosis or trust my current doctor?,health
My kid wants a dog but I know I'll be the one taking care of it. Should we get one? Has anyone been through this?,family
I've been thinking a lot about this. Should I accept a promotion that means relocating to a city I don't like?,career
I'm scared of pregnancy and childbirth. Should I reconsider having kids? What would you do?,family
I need radiation therapy but my insurance won't cover it. Should I pay out of pocket? Has anyone been through this?,health
Should I use a paper planner or a digital system? Any advice?,lifestyle
My advisor says I should add a statistics minor to any major I choose. Good advice? Please help me decide.,education
Should I invest in a Roth IRA or traditional IRA? Am I overthinking this?,finance
I was diagnosed with asthma. Should I tell my employer? What would you do?,health
I want to move from individual contributor to management. Should I tell my boss? Any advice?,career
Here's my situation. I have no hobbies and feel boring. How do I find something I'm passionate about?,lifestyle
Should I pick a major based on passion or earning potential? Has anyone been through this?,education
I'm worried about passing on autoimmune disease to my children. Should I have kids anyway? Feeling so lost.,family
Should I accept a job that requires me to move to South Korea? Please help me decide.,relocation
Should I minimize my kitchen gadgets or keep the ones I use once a year? I really need some perspective.,lifestyle
Should we adopt instead of having biological children? Has anyone been through this?,family
Should I move back to my hometown or stay in the city where I built my life? What would you do?,relocation
I'm a generalist in a world that wants specialists. How do I market myself?,career
Should I do a thesis-based or course-based master's program? Has anyone been through this?,education
"Big decision ahead. My side hustle is making $3,000 per month. Should I go full-time?",career
I was diagnosed with IBS. Should I tell my employer? Has anyone been through this?,health
Should I invest in a taxable brokerage account before maxing retirement accounts?,finance
"Help! I found the perfect engagement ring but it's $3,000. Is that too much?",relationship
My partner is a hoarder and I'm a minimalist. Can this relationship survive? What would you do? My friend is trying to convert me to their religion. Should I listen or shut it down?,lifestyle
"Does your major actually matter for your career, or is the degree enough? Feeling so lost.",education
I need advice. My teen wants to drop out of sports. Should I make them stick with it?,family
Not sure what to do. Is magnesium actually beneficial or a waste of money?,health
Should I propose even though I can't afford an expensive ring right now? I really need some perspective.,relationship
Should I eat before my morning workout or train fasted? Has anyone been through this?,health
Should I minor in something completely different from my major? What would you do?,education
"Does your major actually matter for your career, or is the degree enough? Any advice?",education
My partner said they want to 'take a break.' What does that even mean? I really need some perspective.,relationship
Is getting a second master's degree in a different field a good idea? Any advice?,education
Should I invest in a taxable brokerage account before maxing retirement accounts? Any advice?,finance
Big decision ahead. I've been coding on the side and want to become a developer. Should I quit my my cushy corporate job?,career
I want to go to law school but the legal job market is brutal. Should I reconsider? Am I overthinking this?,education
I'm in a PhD program and hate it. Should I drop out with a master's?,education
I need advice. Should I go to grad school right after undergrad or work first? Is Marketing actually a good degree or should I pick something more practical?,education
Here's my situation. Is Sociology actually a good degree or should I pick something more practical?,education
Not sure what to do. I keep thinking about my ex from years ago. Should I contact them or let it go?,relationship
I've been thinking a lot about this. I want to start a consulting firm but everyone says most businesses fail. Should I even try?,career
Not sure what to do. Should I ship my furniture overseas or sell everything and start fresh?,relocation
"I'm only staying because I'm afraid of being alone. That's not a good reason, right? Feeling so lost.",relationship
We're thinking of moving from New York to Phoenix for a lower cost of living. Worth it?,relocation
My partner wants to move in together after 12 months. Too soon?,relationship
"Here's my situation. I got into a top master's program but have to take on $75,000 in loans. Should I go?",education
Help! Should we celebrate every achievement or save praise for big things?,family
Should I get rid of books I've already read or keep them as a library? Am I overthinking this?,lifestyle
My PhD advisor is leaving the university. Should I follow them or find a new advisor? What would you do?,education
My financial advisor charges 5%. Is that reasonable or should I go fee-only? Please help me decide.,finance
Should I keep a storage unit in my home country or get rid of everything? Has anyone been through this?,relocation
My job is fully remote. Where should I move to maximize my quality of life? Am I overthinking this?,relocation
Is intermittent fasting safe for someone with my health conditions? What would you do?,health
Help! Should I go paperless with all my documents or keep physical copies?,lifestyle
Should I accept a promotion that means working weekends? I really need some perspective.,career
Should I move to a city where I know nobody for my dream job? What would you do?,relocation
Really struggling with this. We fight about bathroom time constantly. Is this normal relationship stuff or are we incompatible?,relationship
Is collagen actually beneficial or a waste of money? Am I overthinking this? Should I try harm reduction or total abstinence?,health
I have a business idea but I'm scared to quit my job. When is the right time to leap? Feeling so lost.,career
Really struggling with this. My manager just told me I'm on a toxic performance plan. Should I start looking now?,career
"After 15 years in software engineering, I realized I hate it. How do I start over? Has anyone been through this?",career
"I found the perfect engagement ring but it's $3,000. Is that too much? Am I overthinking this?",relationship
Should I minimize my kitchen gadgets or keep the ones I use once a year? Any advice?,lifestyle
Help! I'm stuck between majoring in Sociology and Computer Science. Which has better long-term prospects?,education
I've been offered a chance to move from sales to product management. Good move?,career
Should I put down 75% to avoid PMI or keep that money invested?,finance
Is getting an MBA worth it for someone looking to pivot from education to education? What would you do?,career
"Help! Should I move to a walkable city and sell my car, or keep the car and the suburbs?",relocation
"Should I move to a walkable city and sell my car, or keep the car and the suburbs? Feeling so lost.",relocation
Should I learn the language before moving to Italy or learn when I get there? Has anyone been through this?,relocation
"I found the perfect engagement ring but it's $10,000. Is that too much?",relationship
We moved in together and now we fight about cooking all the time. Is this normal? Has anyone been through this?,relationship
I'm not sure if I want to be in academia forever. Should I still pursue a PhD? Am I overthinking this?,education
Really struggling with this. I'm considering moving to Dublin sight unseen for a remote job. Bad idea?,relocation
My current employer countered my resignation with a huge raise. Should I stay? Please help me decide.,career
I was diagnosed with autoimmune disease. Should I tell my employer? Please help me decide.,health
I've been coding on the side and want to become a developer. Should I quit my my office job? Has anyone been through this?,career
Here's my situation. We can't agree on whether to have kids. Should we get married anyway?,relationship
I've been thinking a lot about this. Should we get genetic testing before trying to conceive?,family
Should I move closer to work to cut my commute or keep my affordable place? Please help me decide.,relocation
Should I move back to my hometown or stay in the city where I built my life? Please help me decide.,relocation
Should I take an entry-level position in a new field or hold out for something senior? Feeling so lost.,career
I've been thinking a lot about this. Should I buy a new construction home or something with character that's older?,finance
Really struggling with this. We got married young and I feel like I missed out. Is that normal?,relationship
I've been thinking a lot about this. Should I have preventive surgery because of my family history?,health
Should I buy a rental property instead of a home to live in? Feeling so lost.,finance
"Help! Should I go back to school to make a career change, or can I self-teach my way in?",career
Should I have a nighttime routine or just collapse into bed? Any advice?,lifestyle
Should I move back to my home country after living abroad for 7 years? I really need some perspective.,relocation
I've been thinking a lot about this. Is it better to invest in ETFs or mutual funds?,finance
Help! I've been offered a chance to move from sales to product management. Good move?,career
"After getting laid off from tech, I'm considering healthcare. Anyone made this switch? Any advice?",career
Should I take a semester off to figure out what I actually want? Any advice?,education
Help! Should I accept a promotion that means less work-life balance?,career
Should I take a slight pay cut to work at a company I'm actually passionate about? What would you do?,career
My kid is being bullied. Should I call the school or teach them to handle it? Feeling so lost.,family
Really struggling with this. Should we adopt instead of having biological children?,family
Really struggling with this. My partner proposed but I'm not sure I'm ready for marriage. How do I know?,relationship
Big decision ahead. I've always wanted kids but my partner changed their mind. Now what?,family
I found messages between my partner and their coworker. Should I confront them? Am I overthinking this?,relationship
I need advice. I'm a freshman and already hate my major. Is it too late to switch?,education
"Really struggling with this. I'm only staying because I'm afraid of being alone. That's not a good reason, right?",relationship
I've been thinking a lot about this. Should I take a semester off to figure out what I actually want?,education
I'm considering moving to Seoul sight unseen for a remote job. Bad idea? I really need some perspective.,relocation
Should I bootstrap my startup or take investor money and give up equity? What would you do?,career
I inherited a house that needs major repairs. Should I fix it up or sell as-is? Has anyone been through this?,finance
Should I invest in a Roth IRA or traditional IRA? Any advice?,finance
I've been thinking a lot about this. I've always wanted kids but my partner changed their mind. Now what?,family
Should I pick a major based on passion or earning potential? I really need some perspective.,education
Help! Should we get a new place together or move into one of our existing apartments?,relationship
Really struggling with this. My partner and I both got into different grad schools. How do we decide?,education
I need advice. Should I ship my furniture overseas or sell everything and start fresh?,relocation
I've been thinking a lot about this. Should I move to a smaller town where I can afford a house or stay in the city and rent?,relocation
I have an opportunity to lead a team for the first time but I'm terrified I'll fail. Should I go for it? What would you do?,career
I've been thinking a lot about this. Should I do the 30-day minimalism challenge where you get rid of one thing each day?,lifestyle
Help! My partner wants to buy and I want to rent. How do we decide?,finance
Is it worth moving to a more expensive city for better career opportunities? What would you do?,relocation
Really struggling with this. My financial advisor charges 30%. Is that reasonable or should I go fee-only?,finance
I need advice. I'm tired of winter and want to move somewhere warm. Am I being impulsive?,relocation
I'm 38 and haven't started investing for retirement. Am I too late? What would you do?,finance
Help! Should I pursue a terminal master's or go straight for the doctorate?,education
Help! Should I get a professional certification instead of a full graduate degree?,education
I'm 32 and have no down payment saved. Should I even think about buying a home? What would you do?,finance
Should I invest in crypto or is it too risky? Am I overthinking this?,finance
Big decision ahead. I've been offered a transfer to our Dublin office. Should I uproot my family and move?,relocation
I want a big wedding but my partner wants to elope. Can we compromise? Feeling so lost.,relationship
I'm a generalist in a world that wants specialists. How do I market myself? Feeling so lost.,career
I need advice. We're fighting about screen time limits. What's reasonable for a 30-year-old?,family
Should I reward myself for hitting habit milestones or rely on intrinsic motivation?,lifestyle
Help! I'm being transferred and need to sell my house in a down market. Should I rent it out instead?,finance
I'm being offered a remote position with minimal travel. Is that a good deal? I really need some perspective.,career
Should I move to a city where I know nobody for my dream job? Any advice?,relocation
Is it better to rent and invest the difference or buy a home? Am I overthinking this?,finance
My lease is ending. Should I renew or finally make the move I've been dreaming about? Am I overthinking this?,relocation
I'm in a PhD program and hate it. Should I drop out with a master's? Feeling so lost.,education
Big decision ahead. Should I have preventive surgery because of my family history?,health
Here's my situation. Should I accept a promotion that means a longer commute?,career
Should my partner and I have kids even though we both have demanding careers? Any advice?,family
Not sure what to do. Should I rent first when moving to a new city or buy immediately?,relocation
Here's my situation. Should I stay with someone whose family hates me?,relationship
Should I move my elderly parent to live with me abroad or visit them frequently? Feeling so lost.,relocation
I'm 27 and have no down payment saved. Should I even think about buying a home? Please help me decide.,finance
Really struggling with this. Should I go paperless with all my documents or keep physical copies?,lifestyle
I need advice. Should I digitize all my photos or keep the physical albums?,lifestyle
Should I buy less stuff or buy higher quality stuff? I really need some perspective.,lifestyle
"Should I move in with my partner to save money, or is that a terrible reason?",relationship
My friends are all having kids and I'm feeling left behind. Should that influence my decision? Am I overthinking this?,family
Should I stop celebrating birthdays with gifts and just spend time together? Has anyone been through this?,lifestyle
Is it worth the paperwork nightmare to move to South Korea for love? Feeling so lost.,relocation
I need advice. Should I go to a lower-ranked school with full funding or a top school with no aid?,education
"I need advice. Is international school worth the cost, or should I put my kids in local schools?",relocation
"I've been thinking a lot about this. I found the perfect engagement ring but it's $3,000. Is that too much?",relationship
Really struggling with this. We want to move to a better school district but can't afford the houses there. Options?,relocation
The company I work for is clearly struggling. Should I jump ship before things get worse? Please help me decide.,career
Not sure what to do. I'm good at {subject1} and {subject2}. Which should I pursue as a career?,education
I've been thinking a lot about this. Should I go to grad school locally or move across the country for a better program?,education
Help! Should I practice playing piano every day or take rest days?,lifestyle
"Not sure what to do. Should I move in with my partner to save money, or is that a terrible reason?",relationship
I need advice. Should we move before having kids or wait until after?,relocation
Not sure what to do. Should I buy in the city where I work or the suburbs where I can afford more?,finance
Big decision ahead. My doctor cleared me for exercise after a knee injury. Should I start slow or push through?,health
Here's my situation. Should I pick up gardening again after 25 years or try something completely new?,lifestyle
Really struggling with this. I've been offered a transfer to our Berlin office. Should I uproot my family and move?,relocation
Big decision ahead. Should I pick a major based on passion or earning potential?,education
Help! I've been freelancing for a while. Should I go back to a full-time job or keep doing my own thing?,career
My kid wants a dog but I know I'll be the one taking care of it. Should we get one? Feeling so lost.,family
Here's my situation. My child has a learning disability. Should we mainstream them or find a specialized school?,family
Is it dumb to invest in companies I actually use and like? Feeling so lost.,finance
Should I accept a promotion that means a longer commute? Feeling so lost.,career
Is the Pomodoro technique actually effective or just trendy? I really need some perspective.,lifestyle
Is med school worth the debt and stress if I'm not 20% sure I want to be a doctor?,education
We're debating between gentle parenting and positive parenting. Which is better? Feeling so lost.,family
Help! I want to learn to play drums. Should I take lessons or use apps?,lifestyle
Big decision ahead. Should I buy a house now with these high interest rates or wait until next year?,finance
Here's my situation. The new job pays 20% more but requires 50 more hours per week. Worth it? I've been offered a chance to move from sales to product management. Good move?,career
I've been thinking a lot about this. Should I stay with someone whose family hates me?,relationship
"Not sure what to do. My student loan payment is $100,000 per month. Should I refinance?",finance
Should I leave my cushy corporate job to work at a nonprofit with a mission I care about? Has anyone been through this?,career
Big decision ahead. I'm worried about passing on epilepsy to my children. Should I have kids anyway?,family
Help! I want to build a meditation habit. Should I start with 5 minutes or 20? I want to quit social media completely and live a more minimalist digital life.,lifestyle
Really struggling with this. We agreed to try an open relationship and now I'm miserable. Should I end it?,relationship
Is meal replacement shakes a good option for busy days? What would you do?,health
My partner is emotionally unavailable. Should I keep trying or accept they won't change? Has anyone been through this?,relationship
I need advice. We're considering adopting a child with special needs. Are we ready?,family
Should I unsubscribe from all marketing emails or just the ones I never read? Has anyone been through this?,lifestyle
Should I digitize all my photos or keep the physical albums? I really need some perspective.,lifestyle
Here's my situation. My partner wants 3 kids and I want {num2}. How do we compromise?,family
Big decision ahead. I want to build a meditation habit. Should I start with 5 minutes or 20?,lifestyle
Here's my situation. Should we adopt instead of having biological children?,family
My company wants me to open an office in Costa Rica. Should I take the expat package? Please help me decide.,relocation
Big decision ahead. Should I minor in something completely different from my major?,education
Should we start trying for a baby now or wait until we're more financially stable? I really need some perspective.,family
I've been thinking a lot about this. My partner wants to move in together after 24 months. Too soon?,relationship
I've been thinking a lot about this. Should I invest in a taxable brokerage account before maxing retirement accounts?,finance
My partner's mental health issues are draining me. Is it wrong to leave someone who's struggling? Has anyone been through this?,relationship
My doctor said I need to leave my physically demanding job. How do I transition to something else at 48? Any advice?,career
My partner wants a quick courthouse wedding and I want a celebration. Help.,relationship
Here's my situation. My partner never apologizes. Is this a personality trait or a red flag?,relationship
Big decision ahead. Is it worth the paperwork nightmare to move to Vietnam for love?,relocation
Should I sell my investments to pay off credit card debt? I really need some perspective.,finance
My partner wants to go vegan but I love meat. How do we make meals work? Feeling so lost.,health
I've been trying to conceive for 12 years. Should we consider fertility treatments? Am I overthinking this?,family
Should I take a 30% pay cut to work at a company I'm actually passionate about? Am I overthinking this?,career
Big decision ahead. My kid wants a dog but I know I'll be the one taking care of it. Should we get one?,family
I need advice. I love my partner but I'm not physically attracted to them anymore. Should I end it?,relationship
I keep checking my investment app 3 times a day. Is this unhealthy? I really need some perspective.,finance
Big decision ahead. Should we adopt an older child or wait for an infant?,family
I've been thinking a lot about this. We're fighting about screen time limits. What's reasonable for a 50-year-old?,family
Here's my situation. Should I invest in individual stocks or stick with index funds?,finance
I keep checking my investment app 2 times a day. Is this unhealthy? Any advice?,finance
My psychiatrist suggested ECT for my depression. Should I consider it? I really need some perspective.,health
Should I have preventive surgery because of my family history? Please help me decide.,health
"My side hustle is making $15,000 per month. Should I go full-time? Am I overthinking this?",career
Should I move to a smaller town where I can afford a house or stay in the city and rent? Any advice?,relocation
Here's my situation. My parents offered to help with the down payment but want a say in which house. Should I accept?,finance
Help! Should I buy a new construction home or something with character that's older?,finance
I've been thinking a lot about this. My partner proposed but I'm not sure I'm ready for marriage. How do I know?,relationship
Help! Should I move my elderly parent to live with me abroad or visit them frequently?,relocation
I need advice. Should I journal every morning or only when I feel like it?,lifestyle
I've been thinking a lot about this. My cholesterol is high. Should I change my diet or take statins?,health
I'm 38 and haven't started investing for retirement. Am I too late? Please help me decide.,finance
Not sure what to do. I'm considering a PhD in data science but it takes 7 years. Is it worth it?,education
We're debating between gentle parenting and positive parenting. Which is better? Has anyone been through this?,family
Big decision ahead. I'm a freshman and already hate my major. Is it too late to switch?,education
Really struggling with this. My partner is from Colombia and wants to move back home. Should I go?,relocation
Really struggling with this. Should I track every habit or just focus on the most important ones?,lifestyle
My parents offered to help with the down payment but want a say in which house. Should I accept? Has anyone been through this?,finance
Really struggling with this. My partner of 12 years cheated. Can trust ever be rebuilt?,relationship
I need advice. My partner proposed but I'm not sure I'm ready for marriage. How do I know?,relationship
Here's my situation. Is it dumb to invest in companies I actually use and like?,finance
Big decision ahead. Should I hire an international moving company or do it myself?,relocation
I need advice. Should I take an entry-level position in a new field or hold out for something senior?,career
"I've been thinking a lot about this. Is international school worth the cost, or should I put my kids in local schools?",relocation
My partner and I both got into different grad schools. How do we decide? What would you do?,education
Should I put down 15% to avoid PMI or keep that money invested? I really need some perspective.,finance
I've been thinking a lot about this. I love my partner but I'm not physically attracted to them anymore. Should I end it?,relationship
"Should I wake up at 5am like all the successful people say, or find my own rhythm? Am I overthinking this?",lifestyle
Here's my situation. I failed 30 classes last semester. Should I withdraw or try to recover?,education
"Does your major actually matter for your career, or is the degree enough?",education
We want completely different things in life. Should we break up now or hope things change?,relationship
I'm considering a PhD in product management but it takes 20 years. Is it worth it?,education
Should I move to a city where I know nobody for my dream job? Am I overthinking this?,relocation
"I need advice. I found the perfect engagement ring but it's $8,000. Is that too much?",relationship
Should I focus on cardio or strength training for weight loss? What would you do?,health
Help! Should we let our kids have smartphones before high school? We're considering IVF but it's so expensive. Is it worth the financial strain?,family
Help! Should I minor in something completely different from my major?,education
My partner got into grad school in Paris. Should I move with them or try long distance? Has anyone been through this?,relocation
I have chronic pain and doctors can't find the cause. Should I keep searching? Am I overthinking this?,health
My partner is from Australia and wants to move back home. Should I go? Am I overthinking this?,relocation
My partner wants to go vegan but I love meat. How do we make meals work? Has anyone been through this?,health
Here's my situation. I want to switch industries but every job posting wants experience I don't have. How do I break in?,career
I need advice. Should I declutter my entire house in one weekend or do it gradually?,lifestyle
Should I go to the ER or wait for an urgent care appointment? Feeling so lost.,health
We're debating between permissive parenting and positive parenting. Which is better? Am I overthinking this?,family
Should I force my kid to eat foods they hate or let them have preferences? Am I overthinking this?,family
We fight about dishes constantly. Is this normal relationship stuff or are we incompatible? What would you do?,relationship
I need advice. I still love my ex but I'm with someone new. Should I reach out?,relationship
Big decision ahead. My partner proposed but I'm not sure I'm ready for marriage. How do I know?,relationship
I want to learn to play violin. Should I take lessons or use apps? What would you do?,lifestyle
Is it too late to become a analyst at 42? Please help me decide.,career
Big decision ahead. Should I rent first when moving to a new city or buy immediately?,relocation
I have two offers on the table — one from a well-known startup and one from a massive corporation. How do I choose? Please help me decide.,career
I've been thinking a lot about this. My partner wants a destination wedding but I want my grandparents there. What do we do?,relationship
"I need advice. I'm only staying because I'm afraid of being alone. That's not a good reason, right?",relationship
My company offers an ESPP. Should I participate? Please help me decide.,finance
I need advice. My nutritionist says I should eat more more protein. Should I follow their plan exactly?,health
I need advice. Is med school worth the debt and stress if I'm not 25% sure I want to be a doctor?,education
I've been freelancing for a while. Should I go back to a full-time job or keep doing my own thing?,career
Should I rebalance my portfolio annually or only when it drifts significantly? I really need some perspective.,finance
I've been thinking a lot about this. My neighborhood is changing and I don't feel safe anymore. Should I move?,relocation
Really struggling with this. My nutritionist says I should eat more nuts and seeds. Should I follow their plan exactly?,health
Is organic produce worth the extra cost? Am I overthinking this?,health
Here's my situation. My doctor says I need to lose 75 pounds for health reasons. Where do I start?,health
Here's my situation. Should I let my child fail or protect them from every hardship?,family
Should I prioritize my child's happiness or their future success? Any advice?,family
I need advice. Should I rent a place remotely or stay in temporary housing when I first arrive?,relocation
Should we tell our families we're trying to conceive or keep it private? Feeling so lost.,family
Help! My friend keeps giving me stock tips. Should I listen or stick to my plan?,finance
I'm considering selling everything and living in a tiny house. Am I crazy?,lifestyle
I need advice. We got married young and I feel like I missed out. Is that normal?,relationship
Should I break up before the holidays or wait until after? Has anyone been through this?,relationship
Here's my situation. I'm being transferred and need to sell my house in a down market. Should I rent it out instead?,finance
Big decision ahead. My teen wants to drop out of sports. Should I make them stick with it? Should my new partner meet my kids right away or wait?,family
My partner said they want to 'take a break.' What does that even mean?,relationship
Should I put down 50% to avoid PMI or keep that money invested? What would you do?,finance
"Should I wake up at 5am like all the successful people say, or find my own rhythm? Has anyone been through this?",lifestyle
Should I move back to my home country after living abroad for 7 years? Any advice?,relocation
Should we have another child when our first was so difficult? Feeling so lost.,family
Should I move to a new city for a job opportunity or stay where I'm comfortable? Has anyone been through this?,relocation
I'm considering selling everything and living in a tiny house. Am I crazy? Has anyone been through this?,lifestyle
Big decision ahead. My doctor said I need to leave my physically demanding job. How do I transition to something else at 22?,career
I'm burned out from undergrad. Should I take time off before grad school? I really need some perspective.,education
Not sure what to do. Should I give up fiber completely or allow occasional treats?,health
"I have $20,000 in savings earning nothing. Where should I put it? Any advice?",finance
I failed 10 classes last semester. Should I withdraw or try to recover? I really need some perspective.,education
I've been a writer for 10 years but my real passion is author. How do I make the switch? What would you do?,career
Really struggling with this. Should I buy a rental property instead of a home to live in? Should I pay off my student loans before buying a house?,finance
Is the Pomodoro technique actually effective or just trendy? Please help me decide.,lifestyle
The new job pays 60% more but requires 15 more hours per week. Worth it? Has anyone been through this?,career
My company wants me to open an office in Italy. Should I take the expat package? Feeling so lost.,relocation
Really struggling with this. My child has a learning disability. Should we mainstream them or find a specialized school?,family
Big decision ahead. Should I pick up fishing again after 10 years or try something completely new?,lifestyle
Should I invest in a Roth IRA or traditional IRA? What would you do?,finance
I need advice. Should we get a new place together or move into one of our existing apartments?,relationship
Should I do the 30-day minimalism challenge where you get rid of one thing each day? What would you do?,lifestyle
Should I invest in a taxable brokerage account before maxing retirement accounts? Am I overthinking this?,finance
My kid is being bullied. Should I call the school or teach them to handle it? I really need some perspective.,family
The job market is rough right now. Should I take an offer I'm not excited about just to have income? Am I overthinking this?,career
"Should I move to a walkable city and sell my car, or keep the car and the suburbs? I really need some perspective.",relocation
I need advice. I have a family to support so I can't just quit. How do I career change responsibly?,career
"Should I move to a place I've vacationed, or is that different from living there? Feeling so lost.",relocation
My co-founder and I keep disagreeing on direction. Should we split up?,career
I need advice. Should I double major or focus on one thing and do it well?,education
My partner has terrible habits around time management. How do I address this? Has anyone been through this?,relationship
Is owning a car necessary or should I rely on public transit and rideshare? Am I overthinking this?,lifestyle
Should I plan every hour of my day or leave room for spontaneity? Am I overthinking this?,lifestyle
My co-founder and I keep disagreeing on direction. Should we split up? Any advice?,career
Help! I'm burned out from undergrad. Should I take time off before grad school?,education
Here's my situation. Should I study what I'm good at or what challenges me?,education
Should I have a nighttime routine or just collapse into bed? What would you do?,lifestyle
Not sure what to do. Should I end a 12-year relationship if the sex life has completely died?,relationship
I want to start a bakery but everyone says most businesses fail. Should I even try? I really need some perspective.,career
Big decision ahead. Should I max out my 401k or pay off my student loans first?,finance
Big decision ahead. Should I have a nighttime routine or just collapse into bed?,lifestyle
I failed 12 classes last semester. Should I withdraw or try to recover? Am I overthinking this?,education
I'm scared of healthcare quality in Spain. Should that stop me from moving?,relocation
Should we adopt instead of having biological children?,family
Should I have preventive surgery because of my family history? Feeling so lost.,health
Should I hire a personal trainer or figure out workouts on my own? Feeling so lost.,health
Should I keep my citizenship when moving abroad permanently? What would you do?,relocation
Here's my situation. Should I buy a rental property instead of a home to live in?,finance
Really struggling with this. Should I have a nighttime routine or just collapse into bed?,lifestyle
I need advice. Should I leave my cushy corporate job to work at a nonprofit with a mission I care about?,career
I need advice. My cholesterol is high. Should I change my diet or take statins?,health
Should we tell our families we're trying to conceive or keep it private?,family
I found a lump. Should I wait to see if it goes away or see a doctor immediately? Any advice?,health
I need advice. My company is relocating to London and I have to decide by next month. What should I consider?,relocation
Big decision ahead. My partner wants to go vegan but I love meat. How do we make meals work?,health
I've been thinking a lot about this. I'm 22 and haven't started investing for retirement. Am I too late?,finance
I need advice. I'm addicted to buying things when I'm stressed. How do I break this habit?,lifestyle
My partner is emotionally unavailable. Should I keep trying or accept they won't change? Am I overthinking this?,relationship
Should I plan my week on Sunday night or Monday morning? Has anyone been through this?,lifestyle
Help! We can't agree on whether to have kids. Should we get married anyway?,relationship
Should we get genetic testing before trying to conceive? I really need some perspective.,family
Not sure what to do. Should I keep my business as a side gig or commit to it fully?,career
Should I get a professional certification instead of a full graduate degree? What would you do?,education
Should I cut out alcohol or just eat it in moderation? Am I overthinking this?,health
Should I buy a rental property instead of a home to live in? Please help me decide.,finance
Should I force my kid to eat foods they hate or let them have preferences?,family
I'm scared of healthcare quality in Costa Rica. Should that stop me from moving? Please help me decide.,relocation
I'm a generalist in a world that wants specialists. How do I market myself? Has anyone been through this?,career
My friend swears by intermittent fasting but my doctor is skeptical. Who do I listen to? Feeling so lost.,health
I want to start a online store but everyone says most businesses fail. Should I even try? Am I overthinking this?,career
Should I take a semester off to figure out what I actually want? Please help me decide.,education
Should I change my last name when I get married? My partner says they don't care either way. Please help me decide.,relationship
Really struggling with this. The new job pays 60% more but requires 5 more hours per week. Worth it?,career
Should I bootstrap my startup or take investor money and give up equity? Any advice?,career
Should I pick up rock climbing again after 15 years or try something completely new? Am I overthinking this?,lifestyle
Should I practice cooking every day or take rest days? I really need some perspective.,lifestyle
I need advice. My partner and I both got into different grad schools. How do we decide?,education
Big decision ahead. Should I bootstrap my startup or take investor money and give up equity?,career
I've been thinking a lot about this. I have a family to support so I can't just quit. How do I career change responsibly?,career
Should I break up before the holidays or wait until after? Please help me decide.,relationship
I'm considering selling everything and living in a tiny house. Am I crazy? I really need some perspective.,lifestyle
Should I rent a place remotely or stay in temporary housing when I first arrive? What would you do?,relocation
Should I take a 30% pay cut to work at a company I'm actually passionate about? Has anyone been through this?,career
I need advice. I got accepted to a liberal arts school for Philosophy and an online program for Nursing. Which should I choose?,education
Here's my situation. We want to move to a better school district but can't afford the houses there. Options?,relocation
Should I invest in individual stocks or stick with index funds? I really need some perspective.,finance
Big decision ahead. Is a master's from an online university respected in consulting?,education
Really struggling with this. I'm not sure if I want to be in academia forever. Should I still pursue a PhD?,education
"Big decision ahead. Does your major actually matter for your career, or is the degree enough?",education
Big decision ahead. My partner is a hoarder and I'm a minimalist. Can this relationship survive?,lifestyle
Should I plan every hour of my day or leave room for spontaneity? Feeling so lost.,lifestyle
I want to move from individual contributor to management. Should I tell my boss? What would you do?,career
My company wants me to open an office in the UK. Should I take the expat package? Am I overthinking this?,relocation
I've been thinking a lot about this. I've been passed over for promotion 3 times now. Should I keep trying or leave?,career
Should I move to a new city for a job opportunity or stay where I'm comfortable? What would you do?,relocation
Here's my situation. I have an opportunity to lead a team for the first time but I'm terrified I'll fail. Should I go for it?,career
Here's my situation. Should I sign a prenup? My partner is offended that I even brought it up.,relationship
Help! I have no hobbies and feel boring. How do I find something I'm passionate about?,lifestyle
Not sure what to do. My partner wants to buy and I want to rent. How do we decide?,finance
Really struggling with this. Should I go to grad school locally or move across the country for a better program?,education
Is it better to make my bed every morning or does it not matter?,lifestyle
Is owning a car necessary or should I rely on public transit and rideshare?,lifestyle
Help! Should I unsubscribe from all marketing emails or just the ones I never read?,lifestyle
"I've been thinking a lot about this. I got into a top MBA program but have to take on $50,000 in loans. Should I go?",education
My nutritionist says I should eat more fermented foods. Should I follow their plan exactly? Feeling so lost.,health
Help! I'm considering moving to Mumbai sight unseen for a remote job. Bad idea?,relocation
"Here's my situation. Should I move in with my partner to save money, or is that a terrible reason?",relationship
Should I drink smoothies every day for the health benefits?,health
I'm burned out from undergrad. Should I take time off before grad school? Any advice?,education
Big decision ahead. Should I invest in crypto or is it too risky?,finance
Help! We're thinking of moving from Boston to Phoenix for a lower cost of living. Worth it?,relocation
Not sure what to do. I love my partner but I'm not physically attracted to them anymore. Should I end it?,relationship
Thinking about pivoting from corporate life to creative work. Anyone done this? I really need some perspective.,career
My co-founder and I keep disagreeing on direction. Should we split up? I really need some perspective.,career
The company I work for is clearly struggling. Should I jump ship before things get worse? What would you do?,career
Should I declutter my entire house in one weekend or do it gradually? I really need some perspective.,lifestyle
Should we have kids close together or space them out? Am I overthinking this?,family
Help! Should I move to a new city for a job opportunity or stay where I'm comfortable?,relocation
Big decision ahead. Should I take an entry-level position in a new field or hold out for something senior?,career
Help! Should I invite my toxic ex to my wedding because we share a friend group?,relationship
My advisor says I should add a statistics minor to any major I choose. Good advice? What would you do?,education
Big decision ahead. My parents want me to study History but I'm passionate about Data Science. How do I decide?,education
Should I get a professional certification instead of a full graduate degree? Any advice?,education
"Help! I have $1,000 in savings earning nothing. Where should I put it?",finance
My landlord offered to sell me the house I'm renting. Should I buy it? Please help me decide.,finance
We've been together for 8 years and they still won't commit. Should I wait or leave? Feeling so lost.,relationship
My industry is dying and I need to reskill. What's the fastest path to something stable? Any advice?,career
Should we have kids close together or space them out?,family
I need advice. Should I drink kombucha every day for the health benefits?,health
Should I take a semester off to figure out what I actually want? What would you do?,education
Not sure what to do. Should I rebalance my portfolio annually or only when it drifts significantly?,finance
Should I rent a place remotely or stay in temporary housing when I first arrive?,relocation
I got into my dream school for the wrong major. Should I go anyway? Feeling so lost.,education
Really struggling with this. I'm 48 and thinking about completely changing careers from legal to creative arts. Am I crazy?,career
I'm happier when my partner is away on trips. What does that say about us? Any advice?,relationship
Should I accept a job that requires me to move to Spain?,relocation
Should I pursue a terminal master's or go straight for the doctorate? Am I overthinking this?,education
Help! We want completely different things in life. Should we break up now or hope things change?,relationship
Help! My industry is dying and I need to reskill. What's the fastest path to something stable?,career
Should I learn the language before moving to Colombia or learn when I get there? What would you do?,relocation
Here's my situation. Should I count calories or focus on eating whole foods?,health
My partner wants to go vegan but I love meat. How do we make meals work? Any advice?,health
Should I see a registered dietitian or figure out nutrition myself? Feeling so lost.,health
I need advice. My friend keeps giving me stock tips. Should I listen or stick to my plan?,finance
My kid wants a dog but I know I'll be the one taking care of it. Should we get one? Any advice?,family
My co-founder and I keep disagreeing on direction. Should we split up? Am I overthinking this?,career
Help! Should I have a nighttime routine or just collapse into bed?,lifestyle
Really struggling with this. My kid is being bullied. Should I call the school or teach them to handle it?,family
"Should I move in with my partner to save money, or is that a terrible reason? What would you do?",relationship
Should I stop celebrating birthdays with gifts and just spend time together? Feeling so lost.,lifestyle
Here's my situation. I got my AWS certification but nobody will hire me without experience. Catch-22?,career
We're debating between permissive parenting and unconditional parenting. Which is better?,family
Big decision ahead. Should I see a registered dietitian or figure out nutrition myself?,health
Not sure what to do. Is it better to have a strict morning routine or go with the flow?,lifestyle
My child wants to go to a party where I know there will be drinking. Should I let them? Please help me decide.,family
Should I use my entire savings for a down payment or keep an emergency fund? Feeling so lost.,finance
My current employer countered my resignation with a huge raise. Should I stay? Has anyone been through this?,career
Should I get a third-year mortgage or stretch it to {year2} years for lower payments? Any advice?,finance
Help! Is an MBA worth it at 33 with 5 years of experience?,education
Thinking about pivoting from corporate life to creative work. Anyone done this? Any advice?,career
"I got into a top graduate program but have to take on $100,000 in loans. Should I go? Please help me decide.",education
My partner has terrible habits around cleaning. How do I address this? Feeling so lost.,relationship
Should I buy less stuff or buy higher quality stuff? Has anyone been through this?,lifestyle
Really struggling with this. I got into my dream school for the wrong major. Should I go anyway?,education
Big decision ahead. My neighborhood is changing and I don't feel safe anymore. Should I move?,relocation
Should I hire an international moving company or do it myself? Please help me decide.,relocation
Big decision ahead. Should I use a robo-advisor or manage my investments myself?,finance
Should I double major or focus on one thing and do it well? Am I overthinking this?,education
Not sure what to do. I'm scared of pregnancy and childbirth. Should I reconsider having kids?,family
Big decision ahead. Should I try an elimination diet to figure out my food sensitivities?,health
Should I invest in crypto or is it too risky? Has anyone been through this?,finance
Should I sell my investments to pay off credit card debt? Feeling so lost.,finance
Should I go to a lower-ranked school with full funding or a top school with no aid? Feeling so lost.,education
Help! Should I hire an international moving company or do it myself?,relocation
My child has a learning disability. Should we mainstream them or find a specialized school? I really need some perspective.,family
I'm 55 and thinking about completely changing careers from legal to consulting. Am I crazy? What would you do?,career
Here's my situation. Should I get a fixer-upper and do the work myself or hire contractors?,finance
I've been thinking a lot about this. I got accepted to a big state school for Psychology and an online program for Marketing. Which should I choose?,education
Big decision ahead. We're thinking of retiring abroad in Canada. Has anyone done this?,relocation
Should we make our kids go to church even though we're not religious? Any advice?,family
My doctor cleared me for exercise after a shoulder injury. Should I start slow or push through? Any advice?,health
Should I take a semester off to figure out what I actually want? Feeling so lost.,education
Help! Should I have preventive surgery because of my family history?,health
Not sure what to do. Is an MBA worth it at 27 with 3 years of experience?,education
My spouse got a diplomatic posting to Japan. Should the whole family go? Please help me decide.,relocation
"I need advice. Should I become a single parent by choice, or wait for a partner?",family
My partner wants to move in together after 6 months. Too soon? Am I overthinking this?,relationship
Big decision ahead. My child is struggling socially. Should I arrange playdates or let them figure it out?,family
Help! Should we become foster parents even if we don't plan to adopt?,family
Big decision ahead. Should I get a second-year mortgage or stretch it to {year2} years for lower payments?,finance
Big decision ahead. Should I take out a personal loan to pay off my higher-interest credit cards?,finance
I need advice. My child has a learning disability. Should we mainstream them or find a specialized school?,family
My job is fully remote. Where should I move to maximize my quality of life? Feeling so lost.,relocation
My partner has terrible habits around laundry. How do I address this? Any advice?,relationship
I've been trying to conceive for 10 years. Should we consider fertility treatments? Feeling so lost.,family
Should we make our kids go to church even though we're not religious?,family
I've been thinking a lot about this. I want to simplify my wardrobe to a capsule collection. Where do I start?,lifestyle
Should I keep my business as a side gig or commit to it fully? Any advice?,career
I need advice. Is iron actually beneficial or a waste of money?,health
Should we make our kids go to church even though we're not religious? Has anyone been through this?,family
Big decision ahead. Is it better to invest in ETFs or mutual funds?,finance
Help! We want to move to a better school district but can't afford the houses there. Options?,relocation
Should I minor in something completely different from my major? Please help me decide.,education
Help! I'm a generalist in a world that wants specialists. How do I market myself?,career
Big decision ahead. Should I plan every hour of my day or leave room for spontaneity?,lifestyle
My spouse got a diplomatic posting to Singapore. Should the whole family go? Has anyone been through this?,relocation
Should I participate in a clinical trial for my condition? Please help me decide.,health
I want to start a craft business but everyone says most businesses fail. Should I even try? Has anyone been through this?,career
Help! Is it worth moving to a more expensive city for better career opportunities?,relocation
Should we adopt an older child or wait for an infant? Am I overthinking this?,family
My partner has terrible habits around cleaning. How do I address this? What would you do?,relationship
Should we celebrate every achievement or save praise for big things? Please help me decide.,family
I've been freelancing for a while. Should I go back to a full-time job or keep doing my own thing? Feeling so lost.,career
My partner wants to move in together after 24 months. Too soon? Any advice?,relationship
"I'm only staying because I'm afraid of being alone. That's not a good reason, right? What would you do?",relationship
I need to choose between two treatment plans. How do I decide? Has anyone been through this?,health
Help! Should we start trying for a baby now or wait until we're more financially stable?,family
Should I buy in the city where I work or the suburbs where I can afford more? Please help me decide.,finance
Should my partner and I have kids even though we both have demanding careers? Has anyone been through this?,family
Should I sign a prenup? My partner is offended that I even brought it up. I really need some perspective.,relationship
I need advice. I want to learn to play piano. Should I take lessons or use apps?,lifestyle
Here's my situation. Should I take a huge pay cut to work at a company I'm actually passionate about?,career
Not sure what to do. I want to switch industries but every job posting wants experience I don't have. How do I break in?,career
Is it better to make my bed every morning or does it not matter? Please help me decide.,lifestyle
Should I get a fixer-upper and do the work myself or hire contractors? Please help me decide.,finance
I need advice. Should I hire an international moving company or do it myself?,relocation
I've been thinking a lot about this. Should I take an entry-level position in a new field or hold out for something senior?,career
Should I propose even though I can't afford an expensive ring right now? Feeling so lost.,relationship
My friend keeps giving me stock tips. Should I listen or stick to my plan? Feeling so lost.,finance
I need advice. My partner has terrible habits around laundry. How do I address this?,relationship
Should I eat before my morning workout or train fasted? Please help me decide.,health
Really struggling with this. Is getting a second master's degree in a different field a good idea?,education
Not sure what to do. Should I buy a house now with these high interest rates or wait until next year?,finance
Should I focus on cardio or strength training for weight loss? Has anyone been through this?,health
Should I have my wisdom teeth removed even though they're not bothering me? Feeling so lost.,health
I need to choose between two treatment plans. How do I decide? Please help me decide.,health
Help! My house is full of inherited furniture I don't like. Should I keep it for sentimental reasons?,lifestyle
I'm not sure if I want to be in academia forever. Should I still pursue a PhD? Has anyone been through this?,education
I was diagnosed with anxiety. Should I tell my employer? Feeling so lost.,health
The new job pays 60% more but requires 5 more hours per week. Worth it? Please help me decide.,career
Not sure what to do. Should we split rent 50/50 or proportionally based on income?,relationship
Here's my situation. Should I prioritize my child's happiness or their future success?,family
I'm 50 and have no down payment saved. Should I even think about buying a home?,finance
Should I break up with someone who is perfect on paper but I don't feel excited about? I really need some perspective.,relationship
Should I have preventive surgery because of my family history? Any advice?,health
Should I try physical therapy first or go straight to surgery? Any advice?,health
Help! I have a family. Can I survive grad school while being a parent?,education
Should I max out my 401k or pay off my student loans first? Any advice?,finance
"Big decision ahead. I got into a top JD program but have to take on $10,000 in loans. Should I go?",education
Should I move to a city where I know nobody for my dream job? Feeling so lost.,relocation
Not sure what to do. My nutritionist says I should eat more healthy fats. Should I follow their plan exactly?,health
I've been thinking a lot about this. Is getting an MBA worth it for someone looking to pivot from government to nonprofit?,career
Not sure what to do. I have two offers on the table — one from a stable startup and one from a traditional corporation. How do I choose?,career
Should I hire a personal trainer or figure out workouts on my own? I really need some perspective.,health
I'm being offered a remote position with 20% travel. Is that a good deal? What would you do?,career
Here's my situation. Should I rent a place remotely or stay in temporary housing when I first arrive?,relocation
My religious family doesn't approve of my partner. Should we still have the wedding?,relationship
Should we become foster parents even if we don't plan to adopt? What would you do?,family
I have no hobbies and feel boring. How do I find something I'm passionate about?,lifestyle
I need advice. Should my partner and I have kids even though we both have demanding careers?,family
Should I reward myself for hitting habit milestones or rely on intrinsic motivation? Any advice?,lifestyle
I want to start investing but the market feels really high right now. Should I wait?,finance
Big decision ahead. Is an MBA worth it at 55 with 10 years of experience?,education
I have a family to support so I can't just quit. How do I career change responsibly? What would you do?,career
I'm addicted to buying things when I'm stressed. How do I break this habit? Feeling so lost.,lifestyle
Really struggling with this. I need radiation therapy but my insurance won't cover it. Should I pay out of pocket?,health
I've been thinking a lot about this. Should I invest in individual stocks or stick with index funds?,finance
I want to start investing but the market feels really high right now. Should I wait? What would you do?,finance
We're thinking of moving from San Francisco to Phoenix for a lower cost of living. Worth it? What would you do?,relocation
I've been trying to conceive for 10 years. Should we consider fertility treatments?,family
I have chronic pain and doctors can't find the cause. Should I keep searching? Feeling so lost.,health
Not sure what to do. We're thinking of moving from Boston to Portland for a lower cost of living. Worth it?,relocation
Big decision ahead. My house is full of inherited furniture I don't like. Should I keep it for sentimental reasons?,lifestyle
I'm scared of pregnancy and childbirth. Should I reconsider having kids? Has anyone been through this?,family
Should I turn my hobby into a side business or keep it fun? What would you do?,lifestyle
Should we move before having kids or wait until after? Feeling so lost.,relocation
Should I put down 75% to avoid PMI or keep that money invested? Has anyone been through this?,finance
I need advice. I'm a generalist in a world that wants specialists. How do I market myself?,career
Not sure what to do. We're fighting about screen time limits. What's reasonable for a 25-year-old?,family
Is moving to a country with a completely different culture a bad idea at 27?,relocation
Here's my situation. I'm tired of winter and want to move somewhere warm. Am I being impulsive?,relocation
Should we start trying for a baby now or wait until we're more financially stable? Any advice?,family
My landlord offered to sell me the house I'm renting. Should I buy it? Am I overthinking this?,finance
Should I propose even though I can't afford an expensive ring right now? Has anyone been through this?,relationship
Not sure what to do. Should I do the 30-day minimalism challenge where you get rid of one thing each day?,lifestyle
Not sure what to do. Should I learn the language before moving to the UK or learn when I get there?,relocation
I want to learn to play drums. Should I take lessons or use apps? I really need some perspective.,lifestyle
Should I participate in a clinical trial for my condition?,health
Help! I got recruited by a competitor with a much better package. Should I tell my boss?,career
I've been thinking a lot about this. I'm interested in cybersecurity but the job market looks terrible. Should I study it anyway?,education
Big decision ahead. Should I invest in individual stocks or stick with index funds?,finance
I keep checking my investment app 5 times a day. Is this unhealthy?,finance
Not sure what to do. I've always wanted kids but my partner changed their mind. Now what?,family
Help! I inherited a house that needs major repairs. Should I fix it up or sell as-is?,finance
Should I buy less stuff or buy higher quality stuff? Feeling so lost.,lifestyle
We're thinking of retiring abroad in Germany. Has anyone done this? What would you do?,relocation
"Should I wake up at 5am like all the successful people say, or find my own rhythm? What would you do?",lifestyle
"I found the perfect engagement ring but it's $10,000. Is that too much? Please help me decide.",relationship
Not sure what to do. I want to run a marathon but I've never run more than a mile. Where do I start?,health
My doctor recommended cataract surgery but I'm scared of the risks. What should I do? Please help me decide.,health
Help! Should I invest in crypto or is it too risky?,finance
I need advice. Should I meal prep every Sunday or cook fresh daily?,health
Big decision ahead. Should we make our kids go to church even though we're not religious?,family
I still love my ex but I'm with someone new. Should I reach out?,relationship
Really struggling with this. Should I try {cuisine} cuisine for its supposed longevity benefits?,health
I've been thinking a lot about this. Should I keep a storage unit in my home country or get rid of everything?,relocation
I need advice. Should I get rid of books I've already read or keep them as a library?,lifestyle
Really struggling with this. My friend keeps giving me stock tips. Should I listen or stick to my plan?,finance
Should I meal prep every Sunday or cook fresh daily? Please help me decide.,health
We've been together for 20 years and they still won't commit. Should I wait or leave? Any advice?,relationship
I want to run a marathon but I've never run more than a mile. Where do I start? Am I overthinking this?,health
My parents want me to study Theater but I'm passionate about Engineering. How do I decide? I really need some perspective.,education
Not sure what to do. I got into my dream school for the wrong major. Should I go anyway?,education
My child was diagnosed with autism. Should we tell them or wait? What would you do?,family
I'm happier when my partner is away on trips. What does that say about us? Am I overthinking this?,relationship
I've been thinking a lot about this. We want to move to a better school district but can't afford the houses there. Options?,relocation
Should I study what I'm good at or what challenges me? I really need some perspective.,education
Big decision ahead. Should I invest in Costa Rica emerging markets or stick to domestic?,finance
I'm considering selling everything and living in a tiny house. Am I crazy? Am I overthinking this?,lifestyle
I got my Six Sigma certification but nobody will hire me without experience. Catch-22? Any advice?,career
Should I invest in a taxable brokerage account before maxing retirement accounts? Feeling so lost.,finance
I've been offered a chance to move from sales to product management. Good move? Am I overthinking this?,career
Help! My kid wants a dog but I know I'll be the one taking care of it. Should we get one?,family
My doctor said I need to leave my physically demanding job. How do I transition to something else at 55? What would you do?,career
Should I pick a major based on passion or earning potential? Any advice?,education
Should I freeze my eggs even though I'm not sure I want kids? Any advice?,family
"Help! Should I wake up at 5am like all the successful people say, or find my own rhythm?",lifestyle
I want to build a meditation habit. Should I start with 5 minutes or 20? Feeling so lost.,lifestyle
Is it better to make my bed every morning or does it not matter? I really need some perspective.,lifestyle
I'm scared of healthcare quality in Australia. Should that stop me from moving? I really need some perspective.,relocation
"My dream company finally offered me a role, but it's in a different city. What should I do?",career
I have a family. Can I survive grad school while being a parent?,education
Should I invest in individual stocks or stick with index funds? Feeling so lost.,finance
Is it better to have a strict morning routine or go with the flow? Any advice?,lifestyle
Not sure what to do. Should I journal every morning or only when I feel like it?,lifestyle
Should I invest in Japan emerging markets or stick to domestic? Feeling so lost.,finance
Should I end a 7-year relationship if the sex life has completely died? What would you do?,relationship
Big decision ahead. I'm being transferred and need to sell my house in a down market. Should I rent it out instead?,finance
I'm scared of healthcare quality in Argentina. Should that stop me from moving? What would you do?,relocation
I need advice. Should I plan my week on Sunday night or Monday morning?,lifestyle
Big decision ahead. Should I get a professional certification instead of a full graduate degree?,education
My neighborhood is changing and I don't feel safe anymore. Should I move?,relocation
Big decision ahead. I have no idea what to major in. Should I take a gap year to figure it out?,education
We're considering having our child skip a grade. Good idea or social suicide? Please help me decide.,family
I need advice. My child wants to go to a party where I know there will be drinking. Should I let them?,family
My kid is being bullied. Should I call the school or teach them to handle it? Has anyone been through this?,family
Should I plan every hour of my day or leave room for spontaneity? I really need some perspective.,lifestyle
Really struggling with this. Should I try an elimination diet to figure out my food sensitivities?,health
I have an opportunity to lead a team for the first time but I'm terrified I'll fail. Should I go for it? Am I overthinking this?,career
Is meal replacement shakes a good option for busy days? Has anyone been through this?,health
Big decision ahead. I got my Six Sigma certification but nobody will hire me without experience. Catch-22?,career
Help! My company wants me to open an office in Ireland. Should I take the expat package?,relocation
Really struggling with this. I'm scared of pregnancy and childbirth. Should I reconsider having kids?,family
Help! I'm engaged but having second thoughts. Is this just cold feet or something more?,relationship
Is moving to a country with a completely different culture a bad idea at 28? Please help me decide.,relocation
I'm overwhelmed by all my subscriptions. Should I cancel everything and resubscribe only to what I miss? Any advice?,lifestyle
Big decision ahead. My kid is being bullied. Should I call the school or teach them to handle it?,family
Really struggling with this. My doctor says I need to lose 50 pounds for health reasons. Where do I start?,health
My partner wants a destination wedding but I want my grandparents there. What do we do? I really need some perspective.,relationship
I need advice. Should I read my teen's diary if I'm worried about their mental health?,family
Big decision ahead. Should I ship my furniture overseas or sell everything and start fresh?,relocation
Should I declutter my entire house in one weekend or do it gradually? Feeling so lost.,lifestyle
Is a master's from an online university respected in research? Please help me decide.,education
Really struggling with this. College is destroying my mental health. Should I prioritize my wellbeing or push through?,education
My friend wants me to be their roommate in Seoul. Should I take the plunge? I really need some perspective.,relocation
Should I eat before my morning workout or train fasted?,health
Should I rebalance my portfolio annually or only when it drifts significantly?,finance
I've been thinking a lot about this. My psychiatrist suggested ECT for my depression. Should I consider it?,health
I'm scared of healthcare quality in Colombia. Should that stop me from moving? Has anyone been through this?,relocation
My doctor says I need to reduce sodium. Should I cut it completely? Any advice?,health
Should I see a registered dietitian or figure out nutrition myself? I really need some perspective.,health
I've been thinking a lot about this. I'm scared of healthcare quality in Spain. Should that stop me from moving?,relocation
Should I read my teen's diary if I'm worried about their mental health?,family
Really struggling with this. I'm interested in data science but the job market looks terrible. Should I study it anyway?,education
Should I go to grad school right after undergrad or work first? Has anyone been through this?,education
I need advice. I have a family. Can I survive grad school while being a parent?,education
I want to simplify my wardrobe to a capsule collection. Where do I start? Please help me decide.,lifestyle
"I burned out in my current field and need a change, but I have no idea what else I'm qualified for.",career
"I've been thinking a lot about this. Should I become a single parent by choice, or wait for a partner?",family
Should I take a semester off to figure out what I actually want?,education
Really struggling with this. Should I do a thesis-based or course-based master's program?,education
Should I unsubscribe from all marketing emails or just the ones I never read? Am I overthinking this?,lifestyle
Should I do a thesis-based or course-based master's program? What would you do?,education
Should we start trying for a baby now or wait until we're more financially stable? What would you do?,family
Here's my situation. Should I try an elimination diet to figure out my food sensitivities?,health
I'm considering a no-buy year. Has anyone done this successfully? Feeling so lost.,lifestyle
I found messages between my partner and their coworker. Should I confront them? Any advice?,relationship
Help! Should we make our kids go to church even though we're not religious?,family
Help! Is Business actually a good degree or should I pick something more practical?,education
Really struggling with this. I want to simplify my wardrobe to a capsule collection. Where do I start?,lifestyle
Big decision ahead. My lease is ending. Should I renew or finally make the move I've been dreaming about?,relocation
Should I get vaccinated against hepatitis even though I'm parent?,health
Help! My child is struggling socially. Should I arrange playdates or let them figure it out?,family
I have an opportunity to lead a team for the first time but I'm terrified I'll fail. Should I go for it? Feeling so lost.,career
I need advice. I'm considering selling everything and living in a tiny house. Am I crazy?,lifestyle
Here's my situation. I want to start investing but the market feels really high right now. Should I wait?,finance
I want to start a fitness studio but everyone says most businesses fail. Should I even try? Please help me decide.,career
Here's my situation. Should I give up nuts and seeds completely or allow occasional treats?,health
Should my partner and I have kids even though we both have demanding careers?,family
I'm overwhelmed by all my subscriptions. Should I cancel everything and resubscribe only to what I miss? I really need some perspective.,lifestyle
I've been thinking a lot about this. Should I do a thesis-based or course-based master's program?,education
I've been thinking a lot about this. Should I invest in South Korea emerging markets or stick to domestic?,finance
Really struggling with this. Should I force my kid to eat foods they hate or let them have preferences?,family
I got accepted to State University for Journalism and an online program for Computer Science. Which should I choose? Am I overthinking this?,education
Help! Should we adopt domestically or internationally?,family
Really struggling with this. Should I get genetic testing for bipolar disorder that runs in my family?,health
Should I do a working holiday in Mexico while I'm still young? Am I overthinking this?,relocation
I want to build a meditation habit. Should I start with 5 minutes or 20?,lifestyle
I've been thinking a lot about this. I'm good at {subject1} and {subject2}. Which should I pursue as a career?,education
We agreed to try an open relationship and now I'm miserable. Should I end it?,relationship
I need a biopsy but my insurance won't cover it. Should I pay out of pocket? Feeling so lost.,health
The new job pays 20% more but requires 60 more hours per week. Worth it? Feeling so lost.,career
Really struggling with this. We're married but living like roommates. Is this fixable?,relationship
I've been thinking a lot about this. My employer offers tuition reimbursement for a master's. Should I do it part-time?,education
Help! Should I participate in a clinical trial for my condition?,health
My employer offers tuition reimbursement for a master's. Should I do it part-time? Has anyone been through this?,education
Should we split rent 50/50 or proportionally based on income? Any advice?,relationship
I want to read more books this year. Should I set a number goal or just read daily? Any advice?,lifestyle
We've been together for 8 years and they still won't commit. Should I wait or leave? Am I overthinking this?,relationship
I got into my dream school for the wrong major. Should I go anyway? Has anyone been through this?,education
Help! My manager just told me I'm on a toxic performance plan. Should I start looking now?,career
Here's my situation. Should I do a thesis-based or course-based master's program?,education
I want to stop procrastinating. Should I use the 2-minute rule or time blocking? What would you do?,lifestyle
Help! Should we give our kids an allowance or make them earn money through chores?,family
Not sure what to do. I'm being transferred and need to sell my house in a down market. Should I rent it out instead?,finance
Really struggling with this. I want to switch industries but every job posting wants experience I don't have. How do I break in?,career
Should I max out my 401k or pay off my student loans first? Please help me decide.,finance
I need advice. Should I minimize my kitchen gadgets or keep the ones I use once a year?,lifestyle
I've been thinking a lot about this. Should I double major or focus on one thing and do it well?,education
My partner is emotionally unavailable. Should I keep trying or accept they won't change? Please help me decide.,relationship
We're married but living like roommates. Is this fixable?,relationship
I need advice. I've been offered a transfer to our Toronto office. Should I uproot my family and move?,relocation
Big decision ahead. We've been together for 10 years and they still won't commit. Should I wait or leave?,relationship
I need advice. I've been at my job for 4 years and feel completely stuck. Is it time to move on?,career
I have pets. How do I make an international move less traumatic for them? What would you do?,relocation
I need advice. My company wants me to open an office in Portugal. Should I take the expat package?,relocation
Is History actually a good degree or should I pick something more practical? I really need some perspective.,education
Should I go to grad school right after undergrad or work first? Am I overthinking this?,education
Really struggling with this. Should we celebrate every achievement or save praise for big things?,family
I need advice. Should I pursue a terminal master's or go straight for the doctorate?,education
I'm not sure if I want to be in academia forever. Should I still pursue a PhD? Any advice?,education
Not sure what to do. My parents want to give me money to invest for them. Should I mix our finances?,finance
Here's my situation. We're considering having our child skip a grade. Good idea or social suicide?,family
Really struggling with this. Should I break up with someone who is perfect on paper but I don't feel excited about?,relationship
I got my PMP certification but nobody will hire me without experience. Catch-22? Feeling so lost.,career
I keep failing at my New Year's resolutions. Should I stop making them? Feeling so lost.,lifestyle
I've been thinking a lot about this. My parents want to give me money to invest for them. Should I mix our finances?,finance
I got accepted to a liberal arts school for Sociology and an online program for Pre-Med. Which should I choose?,education
Help! I found messages between my partner and their coworker. Should I confront them?,relationship
Should I invest in New Zealand emerging markets or stick to domestic? What would you do?,finance
Big decision ahead. I failed 4 classes last semester. Should I withdraw or try to recover? Are online degrees from {platform} actually respected by employers?,education
Help! Should I change my last name when I get married? My partner says they don't care either way.,relationship
I'm a generalist in a world that wants specialists. How do I market myself? What would you do?,career
My partner wants to buy and I want to rent. How do we decide? I really need some perspective.,finance
I want to simplify my wardrobe to a capsule collection. Where do I start?,lifestyle
Should I rebalance my portfolio annually or only when it drifts significantly? What would you do?,finance
I need advice. Should I invest in a Roth IRA or traditional IRA?,finance
Really struggling with this. I want to start a craft business but everyone says most businesses fail. Should I even try?,career
My current employer countered my resignation with a huge raise. Should I stay?,career
Should I get vaccinated against pneumonia even though I'm person of color? Please help me decide.,health
"My side hustle is making $5,000 per month. Should I go full-time? Any advice?",career
My friend wants me to be their roommate in Singapore. Should I take the plunge? Am I overthinking this?,relocation
We agreed to try an open relationship and now I'm miserable. Should I end it? Am I overthinking this?,relationship
Here's my situation. I'm 27 and haven't started investing for retirement. Am I too late?,finance
I found a lump. Should I wait to see if it goes away or see a doctor immediately?,health
I need advice. I found my dream house but it's 15% over my budget. Should I stretch?,finance
I've been thinking a lot about this. Should we have kids close together or space them out?,family
We're considering moving to Arizona for the tax benefits. Is that a good enough reason?,relocation
I got recruited by a competitor with a much better package. Should I tell my boss?,career
Big decision ahead. Should I move to a city where I know nobody for my dream job?,relocation
I found messages between my partner and their coworker. Should I confront them?,relationship
Should I do a working holiday in South Korea while I'm still young? I really need some perspective.,relocation
Really struggling with this. Should I sign a prenup? My partner is offended that I even brought it up.,relationship
Should I study what I'm good at or what challenges me? Feeling so lost.,education
I found out my partner has been lying about noise. Is this a dealbreaker? Any advice?,relationship
Help! The job market is rough right now. Should I take an offer I'm not excited about just to have income?,career
I need advice. I'm scared of healthcare quality in the UK. Should that stop me from moving?,relocation
Big decision ahead. Should I hire a personal trainer or figure out workouts on my own?,health
Not sure what to do. My child wants to go to a party where I know there will be drinking. Should I let them?,family
Should I use a robo-advisor or manage my investments myself? I really need some perspective.,finance
I've been a writer for 3 years but my real passion is musician. How do I make the switch? Please help me decide.,career
I've been thinking a lot about this. Should I get a second opinion on my diagnosis or trust my current doctor?,health
I'm scared of marriage because my parents divorced. How do I get past this? What would you do?,relationship
My partner never apologizes. Is this a personality trait or a red flag? Please help me decide.,relationship
Here's my situation. I have a family. Can I survive grad school while being a parent?,education
I have two offers on the table — one from a well-known startup and one from a global corporation. How do I choose? What would you do?,career
We got married young and I feel like I missed out. Is that normal? Am I overthinking this?,relationship
Should I get genetic testing for asthma that runs in my family?,health
Should I move to a smaller town where I can afford a house or stay in the city and rent? What would you do?,relocation
Really struggling with this. My spouse got a diplomatic posting to Vietnam. Should the whole family go?,relocation
I've been thinking a lot about this. Is it better to have a strict morning routine or go with the flow?,lifestyle
Should I tell my child they're adopted or keep it a secret? Feeling so lost.,family
I need advice. Should I invite my toxic ex to my wedding because we share a friend group?,relationship
Should I prioritize my child's happiness or their future success? Please help me decide.,family
Here's my situation. My parents want me to study Communications but I'm passionate about Computer Science. How do I decide?,education
The job market is rough right now. Should I take an offer I'm not excited about just to have income? Has anyone been through this?,career
I've been thinking a lot about this. Should I participate in a clinical trial for my condition?,health
Not sure what to do. Should I have a nighttime routine or just collapse into bed?,lifestyle
Thinking about pivoting from corporate life to creative work. Anyone done this?,career
"Should I move to a place I've vacationed, or is that different from living there? What would you do?",relocation
Big decision ahead. I'm considering moving to Seoul sight unseen for a remote job. Bad idea? We want to move to a better school district but can't afford the houses there. Options?,relocation
"Should I become a single parent by choice, or wait for a partner? I really need some perspective.",family
Should we adopt instead of having biological children? Am I overthinking this?,family
I've been thinking a lot about this. My current employer countered my resignation with a huge raise. Should I stay?,career
I need advice. Should we celebrate every achievement or save praise for big things?,family
Should I move my elderly parent to live with me abroad or visit them frequently? Am I overthinking this?,relocation
I want to stop procrastinating. Should I use the 2-minute rule or time blocking? Feeling so lost.,lifestyle
Here's my situation. My partner wants to buy and I want to rent. How do we decide?,finance
"Should I become a single parent by choice, or wait for a partner? What would you do?",family
I got accepted to the local college for Journalism and a private university for Engineering. Which should I choose? Please help me decide.,education
My religious family doesn't approve of my partner. Should we still have the wedding? Feeling so lost.,relationship
I need advice. Is an MBA worth it at 28 with 15 years of experience?,education
Should I accept a job that requires me to move to France? Am I overthinking this?,relocation
Should we start trying for a baby now or wait until we're more financially stable? Please help me decide.,family
Here's my situation. My teen wants to drop out of sports. Should I make them stick with it?,family
I've been thinking a lot about this. I found a lump. Should I wait to see if it goes away or see a doctor immediately?,health
I'm scared of healthcare quality in the UK. Should that stop me from moving? Am I overthinking this?,relocation
"Big decision ahead. Should I go back to school to make a career change, or can I self-teach my way in?",career
My partner got into grad school in New York. Should I move with them or try long distance? Am I overthinking this?,relocation
Is it better to have a strict morning routine or go with the flow? Please help me decide.,lifestyle
Should I drink bone broth every day for the health benefits? What would you do?,health
My partner's mental health issues are draining me. Is it wrong to leave someone who's struggling? Please help me decide.,relationship
I've been at my job for 25 years and feel completely stuck. Is it time to move on?,career
Really struggling with this. My lease is ending. Should I renew or finally make the move I've been dreaming about?,relocation
I keep thinking about my ex from years ago. Should I contact them or let it go? Has anyone been through this?,relationship
Here's my situation. I've been freelancing for a while. Should I go back to a full-time job or keep doing my own thing?,career
My partner wants 15 kids and I want {num2}. How do we compromise? Feeling so lost.,family
I have two offers on the table — one from a remote-friendly startup and one from a traditional corporation. How do I choose? I really need some perspective.,career
Is a home warranty worth it or a waste of money? Has anyone been through this?,finance
I need advice. Should I put all my money in at once or dollar-cost average?,finance
I need advice. Should I get a professional certification instead of a full graduate degree?,education
Here's my situation. My advisor says I should add a statistics minor to any major I choose. Good advice?,education
"Should I move to a place I've vacationed, or is that different from living there? Any advice?",relocation
"Really struggling with this. I have $30,000 in credit card debt. Should I consolidate or use the avalanche method?",finance
Should I buy a fixer-upper in a great neighborhood or a move-in ready home in an okay area? Has anyone been through this?,finance
Here's my situation. Should we start trying for a baby now or wait until we're more financially stable?,family
Really struggling with this. My child is struggling socially. Should I arrange playdates or let them figure it out?,family
I need to choose between two treatment plans. How do I decide? I really need some perspective.,health
Help! My lease is ending. Should I renew or finally make the move I've been dreaming about?,relocation
I'm 30 and have no down payment saved. Should I even think about buying a home? Has anyone been through this?,finance
I need advice. We've been together for 25 years and they still won't commit. Should I wait or leave?,relationship
I need advice. Should I move back to my home country after living abroad for 8 years?,relocation
Should I combine my Sociology major with a Economics minor for better job prospects? Please help me decide.,education
Should I invite my toxic ex to my wedding because we share a friend group? Has anyone been through this?,relationship
Should I sign a prenup? My partner is offended that I even brought it up. Feeling so lost.,relationship
Should my partner and I have kids even though we both have demanding careers? Please help me decide.,family
"Big decision ahead. Should I wake up at 5am like all the successful people say, or find my own rhythm?",lifestyle
Is organic produce worth the extra cost? Has anyone been through this?,health
My child is struggling socially. Should I arrange playdates or let them figure it out? Any advice?,family
"After 20 years in operations, I realized I hate it. How do I start over?",career
Should I stay with someone whose family hates me? Has anyone been through this?,relationship
Help! My partner is a hoarder and I'm a minimalist. Can this relationship survive?,lifestyle
Should I go to the ER or wait for an urgent care appointment? Has anyone been through this? My sleep schedule is terrible. Should I use melatonin or fix it naturally?,health
Here's my situation. I'm considering buying a condo instead of a house. What are the hidden costs?,finance
We're considering having our child skip a grade. Good idea or social suicide? Has anyone been through this?,family
Should I cut out oils or just eat it in moderation? What would you do? Should I get tested for STDs even in a monogamous relationship?,health
Really struggling with this. Should I invest in individual stocks or stick with index funds?,finance
Really struggling with this. Should my partner and I have kids even though we both have demanding careers?,family
I need advice. We agreed to try an open relationship and now I'm miserable. Should I end it?,relationship
I found my dream house but it's 25% over my budget. Should I stretch? Any advice?,finance
Should I do a thesis-based or course-based master's program? Feeling so lost.,education
I found my dream house but it's 60% over my budget. Should I stretch? Has anyone been through this?,finance
Is it better to make my bed every morning or does it not matter? What would you do?,lifestyle
Not sure what to do. We can't agree on whether to have kids. Should we get married anyway?,relationship
Should I use a paper planner or a digital system? I really need some perspective.,lifestyle
Should I put all my money in at once or dollar-cost average? Has anyone been through this?,finance
My parents want me to study Communications but I'm passionate about Economics. How do I decide? What would you do?,education
Big decision ahead. We fight about the thermostat constantly. Is this normal relationship stuff or are we incompatible?,relationship
I was diagnosed with sleep apnea. Should I tell my employer? Any advice?,health
Big decision ahead. Should my partner and I have kids even though we both have demanding careers?,family
I've been offered a transfer to our Amsterdam office. Should I uproot my family and move? Please help me decide.,relocation
Not sure what to do. Should I invest in a Roth IRA or traditional IRA?,finance
Should I buy a house now with these high interest rates or wait until next year? Feeling so lost.,finance
Here's my situation. I found messages between my partner and their coworker. Should I confront them?,relationship
My doctor recommended back surgery but I'm scared of the risks. What should I do? What would you do?,health
"I found the perfect engagement ring but it's $1,500. Is that too much? What would you do?",relationship
Really struggling with this. I want to read more books this year. Should I set a number goal or just read daily?,lifestyle
I've been thinking a lot about this. Should I turn my hobby into a side business or keep it fun?,lifestyle
I keep failing at my New Year's resolutions. Should I stop making them?,lifestyle
I want to switch industries but every job posting wants experience I don't have. How do I break in? Has anyone been through this?,career
My partner wants to go vegan but I love meat. How do we make meals work? I really need some perspective.,health
I've been thinking a lot about this. I found my dream house but it's 5% over my budget. Should I stretch?,finance
Should I invest in crypto or is it too risky? I really need some perspective.,finance
I'm pregnant and not sure I want to keep it. How do I make this decision? What would you do?,family
Really struggling with this. I've been offered a chance to move from sales to product management. Good move?,career
My child is struggling socially. Should I arrange playdates or let them figure it out? I really need some perspective.,family
I got a visa to live in Japan but it means leaving my whole support system.,relocation
Should I hire a personal trainer or figure out workouts on my own?,health
Big decision ahead. Should I tell my child they're adopted or keep it a secret?,family
Big decision ahead. Should I minimize my kitchen gadgets or keep the ones I use once a year?,lifestyle
Really struggling with this. My co-founder and I keep disagreeing on direction. Should we split up?,career
I want to run a marathon but I've never run more than a mile. Where do I start? Has anyone been through this?,health
The company I work for is clearly struggling. Should I jump ship before things get worse? I really need some perspective.,career
Not sure what to do. Should we start trying for a baby now or wait until we're more financially stable?,family
"Help! My dentist says I need extensive dental work but it costs $5,000. Is it really necessary? My doctor says I need to reduce sodium. Should I cut it completely?",health
Here's my situation. My PhD advisor is leaving the university. Should I follow them or find a new advisor?,education
My friend swears by carnivore but my doctor is skeptical. Who do I listen to? Am I overthinking this?,health
"I need advice. I'm 42 and went back to school, but I'm struggling to balance everything. Should I quit?",education
I need advice. Should I buy less stuff or buy higher quality stuff?,lifestyle
Big decision ahead. We got married young and I feel like I missed out. Is that normal?,relationship
Should we move before having kids or wait until after? What would you do?,relocation
"After 7 years in product management, I realized I hate it. How do I start over? Any advice?",career
Is it better to invest in ETFs or mutual funds? Has anyone been through this? Is a timeshare ever a good purchase?,finance
I want to start investing but the market feels really high right now. Should I wait? Feeling so lost.,finance
My partner never apologizes. Is this a personality trait or a red flag? Am I overthinking this?,relationship
Is it better to have a strict morning routine or go with the flow?,lifestyle
"Should I become a single parent by choice, or wait for a partner?",family
My partner never apologizes. Is this a personality trait or a red flag? I really need some perspective.,relationship
Really struggling with this. Is an MBA worth it at 38 with 3 years of experience?,education
Really struggling with this. Should I be a stay-at-home parent or keep my career?,family
"Should I go back to school to make a career change, or can I self-teach my way in? Feeling so lost.",career
Help! My co-founder and I keep disagreeing on direction. Should we split up?,career
I have two offers on the table — one from a large startup and one from a massive corporation. How do I choose?,career
We want to move to a better school district but can't afford the houses there. Options? Feeling so lost.,relocation
Not sure what to do. My partner of 3 years cheated. Can trust ever be rebuilt?,relationship
Help! I'm happier when my partner is away on trips. What does that say about us?,relationship
Should I invest in individual stocks or stick with index funds? Please help me decide.,finance
Help! Should I focus on cardio or strength training for weight loss?,health
My partner said they want to 'take a break.' What does that even mean? Any advice?,relationship
I want to go to law school but the legal job market is brutal. Should I reconsider? I really need some perspective.,education
Should I use a robo-advisor or manage my investments myself? What would you do?,finance
Should we adopt domestically or internationally? Has anyone been through this?,family
I need advice. Should I put down 20% to avoid PMI or keep that money invested?,finance
Help! Should I rent first when moving to a new city or buy immediately?,relocation
Here's my situation. Is moving to a country with a completely different culture a bad idea at 22?,relocation
Should I give up fish completely or allow occasional treats? Feeling so lost.,health
Big decision ahead. My partner wants to move in together after 6 months. Too soon?,relationship
Should we celebrate every achievement or save praise for big things? Any advice?,family
My parents want to give me money to invest for them. Should I mix our finances? I really need some perspective.,finance
Really struggling with this. I got my project management certification but nobody will hire me without experience. Catch-22?,career
Big decision ahead. Should I buy in the city where I work or the suburbs where I can afford more?,finance
Big decision ahead. Should I get a fixer-upper and do the work myself or hire contractors?,finance
I need advice. Should I bootstrap my startup or take investor money and give up equity?,career
Help! I'm overwhelmed by all my subscriptions. Should I cancel everything and resubscribe only to what I miss?,lifestyle
I've been thinking a lot about this. Should I hire a personal trainer or figure out workouts on my own?,health
Big decision ahead. I'm stuck between majoring in Philosophy and Marketing. Which has better long-term prospects?,education
Here's my situation. Is creatine actually beneficial or a waste of money?,health
I need advice. My parents want me to study Theater but I'm passionate about Marketing. How do I decide?,education
I need a biopsy but my insurance won't cover it. Should I pay out of pocket? Am I overthinking this?,health
"Help! Should I move in with my partner to save money, or is that a terrible reason?",relationship
Not sure what to do. My partner wants to go vegan but I love meat. How do we make meals work?,health
Really struggling with this. Should I plan my week on Sunday night or Monday morning?,lifestyle
I need advice. My partner's mental health issues are draining me. Is it wrong to leave someone who's struggling?,relationship
My friend swears by paleo but my doctor is skeptical. Who do I listen to? What would you do?,health
I've been thinking a lot about this. My partner wants to go vegan but I love meat. How do we make meals work?,health
Not sure what to do. I'm considering moving to Barcelona sight unseen for a remote job. Bad idea?,relocation
Help! I've been offered a transfer to our Dubai office. Should I uproot my family and move?,relocation
Here's my situation. I've been offered a chance to move from sales to product management. Good move?,career
Help! The new job pays 5% more but requires 60 more hours per week. Worth it?,career
Should I sign a prenup? My partner is offended that I even brought it up. Am I overthinking this?,relationship
Help! Should I move back to my hometown or stay in the city where I built my life?,relocation
I want to start investing but the market feels really high right now. Should I wait? Please help me decide.,finance
Not sure what to do. I'm considering buying a condo instead of a house. What are the hidden costs?,finance
Help! We're thinking of retiring abroad in Spain. Has anyone done this?,relocation
Should I invite my toxic ex to my wedding because we share a friend group?,relationship
My partner wants to buy and I want to rent. How do we decide? Feeling so lost.,finance
My parents offered to help with the down payment but want a say in which house. Should I accept? Any advice?,finance
I've been thinking a lot about this. Should I stop celebrating birthdays with gifts and just spend time together?,lifestyle
I need advice. Should I try physical therapy first or go straight to surgery?,health
I have a family. Can I survive grad school while being a parent? What would you do?,education
Really struggling with this. Is it better to focus on one habit at a time or change multiple at once?,lifestyle
Should I buy less stuff or buy higher quality stuff? What would you do?,lifestyle
Big decision ahead. I've been offered a chance to move from sales to product management. Good move?,career
I got recruited by a competitor with a much better package. Should I tell my boss? I really need some perspective.,career
Should I try an elimination diet to figure out my food sensitivities? I really need some perspective.,health
Here's my situation. My partner is a hoarder and I'm a minimalist. Can this relationship survive?,lifestyle
"My partner wants me to cut off my best friend. That's controlling, right? Please help me decide.",relationship
My partner is from Portugal and wants to move back home. Should I go? What would you do?,relocation
Is a home warranty worth it or a waste of money?,finance
Should I get a second opinion on my diagnosis or trust my current doctor? Please help me decide.,health
I've been thinking a lot about this. I have a business idea but I'm scared to quit my job. When is the right time to leap?,career
Should I see a registered dietitian or figure out nutrition myself? Any advice?,health
Here's my situation. My partner is from Argentina and wants to move back home. Should I go?,relocation
"I have $50,000 in credit card debt. Should I consolidate or use the avalanche method? Am I overthinking this?",finance
Should I move closer to work to cut my commute or keep my affordable place? Am I overthinking this?,relocation
I need advice. I've been freelancing for a while. Should I go back to a full-time job or keep doing my own thing?,career
My doctor says I'm pre-diabetic. Should I go on medication or try lifestyle changes first? Any advice?,health
I need advice. I'm interested in advertising but the job market looks terrible. Should I study it anyway?,education
Big decision ahead. I got into my dream school for the wrong major. Should I go anyway?,education
Not sure what to do. I'm engaged but having second thoughts. Is this just cold feet or something more?,relationship
Should we combine finances after getting married or keep things separate? Has anyone been through this?,relationship
My parents want me to study Music but I'm passionate about Nursing. How do I decide? Any advice?,education
I need advice. Is moving to a country with a completely different culture a bad idea at 27?,relocation
My doctor says I need to lose 30 pounds for health reasons. Where do I start? Feeling so lost.,health
We're married but living like roommates. Is this fixable? What would you do?,relationship
Really struggling with this. A recruiter reached out about a role that sounds perfect but requires a coding certification I don't have. Should I invest in it?,career
Not sure what to do. Should I let my child fail or protect them from every hardship?,family
I've been thinking a lot about this. I'm in a PhD program and hate it. Should I drop out with a master's?,education
I've been thinking a lot about this. Is it better to focus on one habit at a time or change multiple at once?,lifestyle
Really struggling with this. I want to build a meditation habit. Should I start with 5 minutes or 20?,lifestyle
My industry is dying and I need to reskill. What's the fastest path to something stable? Has anyone been through this?,career
My partner of 7 years cheated. Can trust ever be rebuilt? Has anyone been through this?,relationship
Here's my situation. Should I use my entire savings for a down payment or keep an emergency fund?,finance
"Big decision ahead. I have $100,000 in savings earning nothing. Where should I put it?",finance
Here's my situation. Is the Pomodoro technique actually effective or just trendy?,lifestyle
I have an opportunity to lead a team for the first time but I'm terrified I'll fail. Should I go for it? Please help me decide.,career
I need advice. My partner of 7 years cheated. Can trust ever be rebuilt?,relationship
Really struggling with this. My PhD advisor is leaving the university. Should I follow them or find a new advisor?,education
Is the Pomodoro technique actually effective or just trendy? What would you do?,lifestyle
Is the Pomodoro technique actually effective or just trendy?,lifestyle
"I need advice. Should I go back to school to make a career change, or can I self-teach my way in?",career
We got married young and I feel like I missed out. Is that normal? Please help me decide.,relationship
Should I take an entry-level position in a new field or hold out for something senior? Am I overthinking this?,career
I need advice. Should I practice writing every day or take rest days?,lifestyle
Big decision ahead. I'm considering a no-buy year. Has anyone done this successfully?,lifestyle
I've been thinking a lot about this. Should I cut out red meat or just eat it in moderation?,health
"Really struggling with this. Should I wake up at 5am like all the successful people say, or find my own rhythm?",lifestyle
Not sure what to do. Should I force my kid to eat foods they hate or let them have preferences?,family
Not sure what to do. Should I break up before the holidays or wait until after?,relationship
Should I try {cuisine} cuisine for its supposed longevity benefits? Any advice?,health
I have no hobbies and feel boring. How do I find something I'm passionate about? Feeling so lost.,lifestyle
Really struggling with this. My partner wants a destination wedding but I want my grandparents there. What do we do?,relationship
Here's my situation. I'm considering selling everything and living in a tiny house. Am I crazy?,lifestyle
Help! My neighborhood is changing and I don't feel safe anymore. Should I move?,relocation
Really struggling with this. I've been at my job for 8 years and feel completely stuck. Is it time to move on?,career
"Should I go back to school to make a career change, or can I self-teach my way in? I really need some perspective.",career
I want to go to law school but the legal job market is brutal. Should I reconsider? Feeling so lost.,education
I've been thinking a lot about this. My doctor said I need to leave my physically demanding job. How do I transition to something else at 33?,career
Should I stay with someone whose family hates me? Please help me decide.,relationship
Should I freeze my eggs even though I'm not sure I want kids? Am I overthinking this?,family
Really struggling with this. We moved in together and now we fight about dishes all the time. Is this normal?,relationship
Is it minimalist to have a well-stocked pantry or should I shop more frequently? Has anyone been through this?,lifestyle
"Should I go back to school to make a career change, or can I self-teach my way in? What would you do?",career
My manager just told me I'm on a stable performance plan. Should I start looking now?,career
Should I break up before the holidays or wait until after? I really need some perspective.,relationship
Really struggling with this. I found messages between my partner and their coworker. Should I confront them?,relationship
Big decision ahead. We're married but living like roommates. Is this fixable?,relationship
Here's my situation. I'm engaged but having second thoughts. Is this just cold feet or something more?,relationship
Should my partner and I have kids even though we both have demanding careers? Am I overthinking this?,family
Should I reward myself for hitting habit milestones or rely on intrinsic motivation? Has anyone been through this?,lifestyle
Should I accept a job that requires me to move to Canada? I really need some perspective.,relocation
Big decision ahead. Is the Pomodoro technique actually effective or just trendy?,lifestyle
I've been thinking a lot about this. Should I invest in a Roth IRA or traditional IRA?,finance
Here's my situation. I want to start a app but everyone says most businesses fail. Should I even try?,career
We're married but living like roommates. Is this fixable? Please help me decide.,relationship
Help! I keep failing at my New Year's resolutions. Should I stop making them?,lifestyle
"Should I move to a walkable city and sell my car, or keep the car and the suburbs? What would you do?",relocation
Help! Should I go to grad school locally or move across the country for a better program?,education
Really struggling with this. Should I give up fiber completely or allow occasional treats?,health
I need advice. I want to switch industries but every job posting wants experience I don't have. How do I break in?,career
I'm good at {subject1} and {subject2}. Which should I pursue as a career?,education
Is getting a second master's degree in a different field a good idea? Feeling so lost.,education
Not sure what to do. I want to stop procrastinating. Should I use the 2-minute rule or time blocking?,lifestyle
We're debating between authoritative parenting and tiger parenting. Which is better? I really need some perspective.,family
Not sure what to do. Is getting an MBA worth it for someone looking to pivot from tech to nonprofit?,career
Here's my situation. A recruiter reached out about a role that sounds perfect but requires a painting certification I don't have. Should I invest in it?,career
Big decision ahead. Should I buy less stuff or buy higher quality stuff?,lifestyle
Here's my situation. Should I move closer to work to cut my commute or keep my affordable place?,relocation
Should I buy a house now with these high interest rates or wait until next year? What would you do?,finance
Should I rent a place remotely or stay in temporary housing when I first arrive? Has anyone been through this?,relocation
"Really struggling with this. Should I go back to school to make a career change, or can I self-teach my way in?",career
I need advice. I failed 5 classes last semester. Should I withdraw or try to recover?,education
I need an MRI but my insurance won't cover it. Should I pay out of pocket? What would you do?,health
I was laid off last month and have been struggling to find something at the same level. Should I lower my expectations? Please help me decide.,career
I've been trying to conceive for 2 years. Should we consider fertility treatments? What would you do?,family
We're considering having our child skip a grade. Good idea or social suicide? Any advice?,family
I found messages between my partner and their coworker. Should I confront them? What would you do?,relationship
I need advice. Should I change my last name when I get married? My partner says they don't care either way.,relationship
Not sure what to do. I've been freelancing for a while. Should I go back to a full-time job or keep doing my own thing?,career
Not sure what to do. I want to read more books this year. Should I set a number goal or just read daily?,lifestyle
Should I study what I'm good at or what challenges me? What would you do?,education
Here's my situation. We're married but living like roommates. Is this fixable?,relationship
My house is full of inherited furniture I don't like. Should I keep it for sentimental reasons? Any advice?,lifestyle
Big decision ahead. I love my partner but I'm not physically attracted to them anymore. Should I end it?,relationship
Should we tell our families we're trying to conceive or keep it private? Please help me decide.,family
My partner is a hoarder and I'm a minimalist. Can this relationship survive? I really need some perspective.,lifestyle
I've been thinking a lot about this. Should I pick up surfing again after 20 years or try something completely new?,lifestyle
I've been thinking a lot about this. We're married but living like roommates. Is this fixable?,relationship
Really struggling with this. We're debating between attachment parenting and authoritarian parenting. Which is better?,family
I'm 45 and thinking about completely changing careers from education to education. Am I crazy? Has anyone been through this?,career
I need advice. My child was diagnosed with autism. Should we tell them or wait?,family
Big decision ahead. I still love my ex but I'm with someone new. Should I reach out?,relationship
I've been thinking a lot about this. I've been a developer for 7 years but my real passion is therapist. How do I make the switch?,career
Help! I've always wanted kids but my partner changed their mind. Now what?,family
Big decision ahead. Is organic produce worth the extra cost?,health
Really struggling with this. Should I focus on cardio or strength training for weight loss?,health
"I've been thinking a lot about this. After 8 years in sales, I realized I hate it. How do I start over?",career
Should I let my child fail or protect them from every hardship?,family
My partner wants to move in together after 18 months. Too soon? Please help me decide.,relationship
Big decision ahead. I'm scared of healthcare quality in the UK. Should that stop me from moving?,relocation
Here's my situation. Is it minimalist to have a well-stocked pantry or should I shop more frequently?,lifestyle
Is Computer Science actually a good degree or should I pick something more practical?,education
Big decision ahead. Is  turmeric actually beneficial or a waste of money?,health
I found a lump. Should I wait to see if it goes away or see a doctor immediately? What would you do?,health
Help! Is it worth the paperwork nightmare to move to the UK for love?,relocation
Here's my situation. I want to read more books this year. Should I set a number goal or just read daily?,lifestyle
Here's my situation. My job is fully remote. Where should I move to maximize my quality of life?,relocation
Big decision ahead. Should I track every habit or just focus on the most important ones?,lifestyle
"I need advice. My dream company finally offered me a role, but it's in a different city. What should I do?",career
I've been thinking a lot about this. Thinking about pivoting from corporate life to creative work. Anyone done this?,career
I need advice. Should I take a small pay cut to work at a company I'm actually passionate about?,career
Is it better to rent and invest the difference or buy a home?,finance
Should I use habit stacking to build new routines? Please help me decide.,lifestyle
Should I get a third-year mortgage or stretch it to {year2} years for lower payments? What would you do?,finance
I need advice. Should I cut out red meat or just eat it in moderation?,health
Here's my situation. My partner has terrible habits around laundry. How do I address this?,relationship
Should I ship my furniture overseas or sell everything and start fresh? Should I relocate for a contract position with possibility of permanent hire?,relocation
"My dentist says I need extensive dental work but it costs $5,000. Is it really necessary?",health
"Not sure what to do. I'm only staying because I'm afraid of being alone. That's not a good reason, right?",relationship
Should I rent first when moving to a new city or buy immediately? I really need some perspective.,relocation
Here's my situation. Should I travel abroad for a medical procedure that's cheaper there?,health
I still love my ex but I'm with someone new. Should I reach out? Am I overthinking this?,relationship
Help! I'm addicted to buying things when I'm stressed. How do I break this habit?,lifestyle
"My partner wants me to cut off my best friend. That's controlling, right? What would you do?",relationship
I'm being transferred and need to sell my house in a down market. Should I rent it out instead?,finance
I'm being transferred and need to sell my house in a down market. Should I rent it out instead? Please help me decide.,finance
Really struggling with this. Should I pursue a terminal master's or go straight for the doctorate?,education
Should I buy a house now with these high interest rates or wait until next year? Am I overthinking this?,finance
Is intermittent fasting safe for someone with my health conditions? Am I overthinking this?,health
Should I plan my week on Sunday night or Monday morning? What would you do?,lifestyle
I inherited a house that needs major repairs. Should I fix it up or sell as-is? Feeling so lost.,finance
I need advice. Is it worth moving to a more expensive city for better career opportunities?,relocation
Not sure what to do. Should I go to a lower-ranked school with full funding or a top school with no aid?,education
Should we let our kids have smartphones before high school? Any advice?,family
Big decision ahead. Should I go to the ER or wait for an urgent care appointment?,health
Help! Should I invest in Canada emerging markets or stick to domestic?,finance
I need advice. I'm happier when my partner is away on trips. What does that say about us?,relationship
I'm 27 and thinking about completely changing careers from nonprofit to design. Am I crazy? I really need some perspective.,career
Should I stop celebrating birthdays with gifts and just spend time together? Any advice?,lifestyle
My friend swears by plant-based but my doctor is skeptical. Who do I listen to? Please help me decide.,health
My partner wants to go vegan but I love meat. How do we make meals work?,health
My advisor says I should add a statistics minor to any major I choose. Good advice? Has anyone been through this?,education
I need advice. I'm 50 and have no down payment saved. Should I even think about buying a home?,finance
Really struggling with this. Should I track my macros or just eat intuitively?,health
"I need advice. Should I wake up at 5am like all the successful people say, or find my own rhythm?",lifestyle
Should we let our kids have smartphones before high school? I really need some perspective.,family
My parents want me to study Communications but I'm passionate about Business. How do I decide? Feeling so lost.,education
Help! Should I keep a storage unit in my home country or get rid of everything?,relocation
Should I move back to my home country after living abroad for 1 years? Please help me decide.,relocation
My partner is emotionally unavailable. Should I keep trying or accept they won't change? What would you do?,relationship
"Should I wake up at 5am like all the successful people say, or find my own rhythm? Feeling so lost.",lifestyle
Help! Should I eat before my morning workout or train fasted?,health
Should I do the 30-day minimalism challenge where you get rid of one thing each day? Feeling so lost.,lifestyle
Not sure what to do. I'm being offered a remote position with quarterly travel. Is that a good deal?,career
"Here's my situation. After 15 years in law, I realized I hate it. How do I start over?",career
I want to run a marathon but I've never run more than a mile. Where do I start? I really need some perspective.,health
I've been thinking a lot about this. My doctor says I'm pre-diabetic. Should I go on medication or try lifestyle changes first?,health
Here's my situation. Should I use a paper planner or a digital system?,lifestyle
I'm in my junior year and want to drop out. My parents will be devastated. What do I do? Any advice?,education
I need advice. My manager just told me I'm on a promising performance plan. Should I start looking now?,career
I was laid off last month and have been struggling to find something at the same level. Should I lower my expectations?,career
Really struggling with this. We're considering having our child skip a grade. Good idea or social suicide?,family
Here's my situation. Should I reward myself for hitting habit milestones or rely on intrinsic motivation?,lifestyle
My employer offers tuition reimbursement for a master's. Should I do it part-time? What would you do?,education
Should I buy a house now with these high interest rates or wait until next year? Any advice?,finance
Help! Should I minimize my kitchen gadgets or keep the ones I use once a year?,lifestyle
I've been thinking a lot about this. Should I buy a rental property instead of a home to live in?,finance
"After 15 years in customer service, I realized I hate it. How do I start over? Feeling so lost. Should I keep my business as a side gig or commit to it fully?",career
My religious family doesn't approve of my partner. Should we still have the wedding? What would you do?,relationship
Is a home warranty worth it or a waste of money? I really need some perspective.,finance
Big decision ahead. My friend swears by vegan but my doctor is skeptical. Who do I listen to?,health
My nutritionist says I should eat more legumes. Should I follow their plan exactly? Has anyone been through this?,health
Help! Should I move to a smaller town where I can afford a house or stay in the city and rent?,relocation
Here's my situation. Should I cut out gluten or just eat it in moderation?,health
I want to stop procrastinating. Should I use the 2-minute rule or time blocking? Please help me decide.,lifestyle
Really struggling with this. I'm considering selling everything and living in a tiny house. Am I crazy?,lifestyle
My religious family doesn't approve of my partner. Should we still have the wedding? Please help me decide.,relationship
Really struggling with this. Is moving to a country with a completely different culture a bad idea at 45?,relocation
I have a business idea but I'm scared to quit my job. When is the right time to leap? I really need some perspective.,career
Help! Should I try physical therapy first or go straight to surgery?,health
Should we make our kids go to church even though we're not religious? Feeling so lost.,family
Should we tell our families we're trying to conceive or keep it private? Am I overthinking this?,family
We've been together for 10 years and they still won't commit. Should I wait or leave? Please help me decide.,relationship
I need advice. My friends are all having kids and I'm feeling left behind. Should that influence my decision?,family
I keep thinking about my ex from years ago. Should I contact them or let it go?,relationship
Big decision ahead. Should I invest in a Roth IRA or traditional IRA?,finance
My company is relocating to New York and I have to decide by next month. What should I consider? I really need some perspective.,relocation
Should I move closer to work to cut my commute or keep my affordable place? Feeling so lost.,relocation
I'm worried about passing on diabetes to my children. Should I have kids anyway? My child has a learning disability. Should we mainstream them or find a specialized school?,family
Should I invest in crypto or is it too risky? Please help me decide.,finance
Big decision ahead. I found messages between my partner and their coworker. Should I confront them?,relationship
Big decision ahead. My child was diagnosed with asthma. Should we tell them or wait?,family
Here's my situation. Is med school worth the debt and stress if I'm not 75% sure I want to be a doctor?,education
Should I study what I'm good at or what challenges me? Has anyone been through this?,education
Should we adopt an older child or wait for an infant? Has anyone been through this?,family
Big decision ahead. I want to switch industries but every job posting wants experience I don't have. How do I break in?,career
Should I use a paper planner or a digital system?,lifestyle
"My student loan payment is $20,000 per month. Should I refinance?",finance
Is it minimalist to have a well-stocked pantry or should I shop more frequently? Am I overthinking this?,lifestyle
Here's my situation. My partner wants to go vegan but I love meat. How do we make meals work?,health
I have an opportunity to lead a team for the first time but I'm terrified I'll fail. Should I go for it?,career
I'm a freshman and already hate my major. Is it too late to switch? Feeling so lost.,education
Should we adopt instead of having biological children? I really need some perspective.,family
Help! Should we get genetic testing before trying to conceive?,family
Help! I want to run a marathon but I've never run more than a mile. Where do I start?,health
Should I track every habit or just focus on the most important ones? What would you do?,lifestyle
Really struggling with this. Should I move to a new city for a job opportunity or stay where I'm comfortable?,relocation
"My partner wants me to cut off my best friend. That's controlling, right? Feeling so lost.",relationship
Should we use a sperm donor or keep trying with my partner's sperm? Any advice?,family
My partner wants to buy and I want to rent. How do we decide?,finance
Help! Is it minimalist to have a well-stocked pantry or should I shop more frequently?,lifestyle
Is moving to a country with a completely different culture a bad idea at 25? I really need some perspective.,relocation
Should I invite my toxic ex to my wedding because we share a friend group? Any advice?,relationship
Should I digitize all my photos or keep the physical albums? Has anyone been through this?,lifestyle
Should I put down 5% to avoid PMI or keep that money invested? Am I overthinking this?,finance
My child was diagnosed with asthma. Should we tell them or wait? Any advice?,family
Here's my situation. Should I take an entry-level position in a new field or hold out for something senior?,career
Should I bootstrap my startup or take investor money and give up equity? Feeling so lost.,career
Should I travel abroad for a medical procedure that's cheaper there? Any advice?,health
I've been thinking a lot about this. Is Economics actually a good degree or should I pick something more practical?,education
"After 10 years in cybersecurity, I realized I hate it. How do I start over? Please help me decide.",career
Should I put all my money in at once or dollar-cost average?,finance
Really struggling with this. My landlord offered to sell me the house I'm renting. Should I buy it?,finance
Should I take an entry-level position in a new field or hold out for something senior? I really need some perspective.,career
Not sure what to do. I've been trying to conceive for 15 years. Should we consider fertility treatments?,family
Really struggling with this. Should I take an entry-level position in a new field or hold out for something senior?,career
We moved in together and now we fight about cleaning all the time. Is this normal?,relationship
"Not sure what to do. After 6 years in human resources, I realized I hate it. How do I start over?",career
My advisor says I should add a statistics minor to any major I choose. Good advice? Feeling so lost.,education
Should I track every habit or just focus on the most important ones? Has anyone been through this?,lifestyle
Not sure what to do. My partner's mental health issues are draining me. Is it wrong to leave someone who's struggling?,relationship
Not sure what to do. I want to start a SaaS company but everyone says most businesses fail. Should I even try?,career
I've been thinking a lot about this. I have a family. Can I survive grad school while being a parent?,education
Should I leave my cushy corporate job to work at a nonprofit with a mission I care about? Feeling so lost.,career
Should I accept a promotion that means working weekends?,career
Should I sell my investments to pay off credit card debt? Has anyone been through this?,finance
I have an opportunity to lead a team for the first time but I'm terrified I'll fail. Should I go for it? Has anyone been through this?,career
I need advice. Should I end a 4-year relationship if the sex life has completely died?,relationship
Help! I want a big wedding but my partner wants to elope. Can we compromise?,relationship
Should I get a fixer-upper and do the work myself or hire contractors? Feeling so lost.,finance
We're married but living like roommates. Is this fixable? Any advice?,relationship
I've been thinking a lot about this. Should we start trying for a baby now or wait until we're more financially stable?,family
Should I keep a storage unit in my home country or get rid of everything? Please help me decide.,relocation
Is it better to invest in ETFs or mutual funds? What would you do?,finance
I want to switch industries but every job posting wants experience I don't have. How do I break in? Please help me decide.,career
I've been thinking a lot about this. I'm not sure if I want to be in academia forever. Should I still pursue a PhD?,education
I'm considering moving to Tokyo sight unseen for a remote job. Bad idea? Feeling so lost.,relocation
I'm scared of healthcare quality in France. Should that stop me from moving? Any advice?,relocation
Here's my situation. Should I plan every hour of my day or leave room for spontaneity?,lifestyle
Help! I'm scared of healthcare quality in Portugal. Should that stop me from moving?,relocation
My company is relocating to Vancouver and I have to decide by next month. What should I consider? Any advice?,relocation
My doctor says I'm pre-diabetic. Should I go on medication or try lifestyle changes first? Feeling so lost.,health
Help! I'm considering buying a condo instead of a house. What are the hidden costs?,finance
Should we have kids close together or space them out? Please help me decide.,family
Really struggling with this. Should I use a paper planner or a digital system?,lifestyle
Should we make our kids go to church even though we're not religious? What would you do?,family
Big decision ahead. My current employer countered my resignation with a huge raise. Should I stay?,career
Big decision ahead. Should I try physical therapy first or go straight to surgery?,health
Is creatine actually beneficial or a waste of money? Please help me decide.,health
I need advice. We're debating between free-range parenting and unconditional parenting. Which is better?,family
I love my partner but I'm not physically attracted to them anymore. Should I end it? Feeling so lost.,relationship
My company offers an ESPP. Should I participate? Any advice?,finance
Help! My children don't want to move abroad. Should I make them anyway?,relocation
Not sure what to do. My teen wants to drop out of sports. Should I make them stick with it?,family
Big decision ahead. Should I turn my hobby into a side business or keep it fun?,lifestyle
I found a lump. Should I wait to see if it goes away or see a doctor immediately? Feeling so lost.,health
"I need advice. My partner wants me to cut off my best friend. That's controlling, right?",relationship
I have no hobbies and feel boring. How do I find something I'm passionate about? Am I overthinking this?,lifestyle
Should I drink kombucha every day for the health benefits? Please help me decide.,health
Not sure what to do. Should I get genetic testing for PTSD that runs in my family?,health
I need advice. I have a business idea but I'm scared to quit my job. When is the right time to leap?,career
I want to stop procrastinating. Should I use the 2-minute rule or time blocking? Has anyone been through this?,lifestyle
Big decision ahead. Is it better to rent and invest the difference or buy a home?,finance
I'm tired of winter and want to move somewhere warm. Am I being impulsive? I really need some perspective.,relocation
Should I invest in a Roth IRA or traditional IRA? I really need some perspective.,finance
I'm considering buying a condo instead of a house. What are the hidden costs? Please help me decide.,finance
Here's my situation. My partner got into grad school in Tokyo. Should I move with them or try long distance?,relocation
Big decision ahead. I've been trying to conceive for 20 years. Should we consider fertility treatments?,family
Should I put all my money in at once or dollar-cost average? Am I overthinking this?,finance
Is it better to rent and invest the difference or buy a home? Has anyone been through this?,finance
My partner got into grad school in Dubai. Should I move with them or try long distance? Feeling so lost.,relocation
Is meal replacement shakes a good option for busy days? Am I overthinking this?,health
I keep failing at my New Year's resolutions. Should I stop making them? Please help me decide.,lifestyle
Not sure what to do. Should I rent a place remotely or stay in temporary housing when I first arrive?,relocation
Should we move before having kids or wait until after?,relocation
Big decision ahead. Should I leave my cushy corporate job to work at a nonprofit with a mission I care about?,career
Really struggling with this. I'm scared of healthcare quality in South Korea. Should that stop me from moving?,relocation
Not sure what to do. Should I eat before my morning workout or train fasted?,health
Not sure what to do. Should I stay with someone whose family hates me?,relationship
We're thinking of retiring abroad in France. Has anyone done this? Please help me decide.,relocation
Here's my situation. I'm scared of marriage because my parents divorced. How do I get past this?,relationship
Should I freeze my eggs even though I'm not sure I want kids? I really need some perspective.,family
Is med school worth the debt and stress if I'm not 60% sure I want to be a doctor? Any advice?,education
Should I ship my furniture overseas or sell everything and start fresh? I really need some perspective.,relocation
I've been thinking a lot about this. Should I leave my cushy corporate job to work at a nonprofit with a mission I care about?,career
My company wants me to open an office in Vietnam. Should I take the expat package?,relocation
My children don't want to move abroad. Should I make them anyway? I really need some perspective.,relocation
"I need advice. I got into a top graduate program but have to take on $100,000 in loans. Should I go?",education
I need advice. Is getting an MBA worth it for someone looking to pivot from retail to design?,career
Big decision ahead. We're considering having our child skip a grade. Good idea or social suicide?,family
I was laid off last month and have been struggling to find something at the same level. Should I lower my expectations? Has anyone been through this?,career
Is it better to have a strict morning routine or go with the flow? What would you do?,lifestyle
Help! I was laid off last month and have been struggling to find something at the same level. Should I lower my expectations?,career
Really struggling with this. I want to move from individual contributor to management. Should I tell my boss?,career
"I'm 35 and went back to school, but I'm struggling to balance everything. Should I quit? What would you do?",education
Help! I have pets. How do I make an international move less traumatic for them? Should I move closer to work to cut my commute or keep my affordable place?,relocation
Should I combine my Communications major with a Engineering minor for better job prospects?,education
I need advice. My parents offered to help with the down payment but want a say in which house. Should I accept?,finance
Is it too late to become a chef at 40?,career
Should I move back to my hometown or stay in the city where I built my life? Am I overthinking this?,relocation
I'm stuck between majoring in Music and Data Science. Which has better long-term prospects? Has anyone been through this?,education
My friend keeps giving me stock tips. Should I listen or stick to my plan? I really need some perspective.,finance
Not sure what to do. Should I bootstrap my startup or take investor money and give up equity? Is it better to start a service business or a product business?,career
Should we combine finances after getting married or keep things separate?,relationship
Really struggling with this. Should I invest in crypto or is it too risky?,finance
I'm scared of marriage because my parents divorced. How do I get past this? Please help me decide.,relationship
I need advice. Should I count calories or focus on eating whole foods?,health
Should I pick up playing piano again after 6 years or try something completely new? I really need some perspective.,lifestyle
I've been thinking a lot about this. I want to move from individual contributor to management. Should I tell my boss?,career
My doctor said I need to leave my physically demanding job. How do I transition to something else at 45? Feeling so lost.,career
My partner's mental health issues are draining me. Is it wrong to leave someone who's struggling? I really need some perspective.,relationship
Not sure what to do. I keep checking my investment app 30 times a day. Is this unhealthy?,finance
"I got into a top MD program but have to take on $75,000 in loans. Should I go? Feeling so lost.",education
"I've been thinking a lot about this. Is it too late to become a consultant at 38? My side hustle is making $2,000 per month. Should I go full-time?",career
Is a master's from an online university respected in social work? Feeling so lost.,education
My cholesterol is high. Should I change my diet or take statins? I really need some perspective.,health
Here's my situation. My landlord offered to sell me the house I'm renting. Should I buy it?,finance
I've always wanted kids but my partner changed their mind. Now what? I really need some perspective.,family
Should I read my teen's diary if I'm worried about their mental health? Has anyone been through this?,family
Really struggling with this. Should I go to grad school right after undergrad or work first?,education
I've been thinking a lot about this. I'm scared of marriage because my parents divorced. How do I get past this?,relationship
I love my partner but I'm not physically attracted to them anymore. Should I end it?,relationship
Really struggling with this. I have a family to support so I can't just quit. How do I career change responsibly?,career
I want to read more books this year. Should I set a number goal or just read daily? I really need some perspective.,lifestyle
"Should I go back to school to make a career change, or can I self-teach my way in? Any advice?",career
We're considering IVF but it's so expensive. Is it worth the financial strain? Please help me decide.,family
I need advice. Should I get genetic testing for hypertension that runs in my family?,health
Big decision ahead. Should I travel abroad for a medical procedure that's cheaper there?,health
My house is full of inherited furniture I don't like. Should I keep it for sentimental reasons? Please help me decide.,lifestyle
Should I buy a fixer-upper in a great neighborhood or a move-in ready home in an okay area? I really need some perspective.,finance
We're thinking of moving from San Francisco to Atlanta for a lower cost of living. Worth it? Please help me decide.,relocation
Big decision ahead. Should I journal every morning or only when I feel like it?,lifestyle
My child was diagnosed with fibromyalgia. Should we tell them or wait? Has anyone been through this?,family
Should I drink green tea every day for the health benefits? Any advice?,health
"Should I move in with my partner to save money, or is that a terrible reason? Feeling so lost.",relationship
My doctor says I need to lose 20 pounds for health reasons. Where do I start? Please help me decide.,health
My partner's mental health issues are draining me. Is it wrong to leave someone who's struggling? Feeling so lost.,relationship
I've been thinking a lot about this. I'm being transferred and need to sell my house in a down market. Should I rent it out instead?,finance
Big decision ahead. Should we have kids close together or space them out?,family
I'm considering moving to Singapore sight unseen for a remote job. Bad idea? Has anyone been through this?,relocation
Not sure what to do. My partner is a hoarder and I'm a minimalist. Can this relationship survive?,lifestyle
Here's my situation. My nutritionist says I should eat more legumes. Should I follow their plan exactly?,health
Big decision ahead. Should I go paperless with all my documents or keep physical copies?,lifestyle
Not sure what to do. Should I invest in France emerging markets or stick to domestic?,finance
My children don't want to move abroad. Should I make them anyway? Am I overthinking this?,relocation
Big decision ahead. I'm interested in real estate but the job market looks terrible. Should I study it anyway?,education
Big decision ahead. Should I count calories or focus on eating whole foods?,health
Not sure what to do. Should I break up with someone who is perfect on paper but I don't feel excited about?,relationship
Really struggling with this. Should I move to a smaller town where I can afford a house or stay in the city and rent?,relocation
I need advice. Should we let our kids have smartphones before high school?,family
I'm in my final year and want to drop out. My parents will be devastated. What do I do? Am I overthinking this?,education
"I'm only staying because I'm afraid of being alone. That's not a good reason, right? Please help me decide.",relationship
Should I freeze my eggs even though I'm not sure I want kids? Has anyone been through this?,family
I want to simplify my wardrobe to a capsule collection. Where do I start? Any advice?,lifestyle
Not sure what to do. My spouse got a diplomatic posting to South Korea. Should the whole family go?,relocation
I've been thinking a lot about this. Should I pursue a terminal master's or go straight for the doctorate?,education
Here's my situation. My friend keeps giving me stock tips. Should I listen or stick to my plan?,finance
"After getting laid off from tech, I'm considering healthcare. Anyone made this switch? Has anyone been through this?",career
Should I track every habit or just focus on the most important ones? I really need some perspective.,lifestyle
I need advice. My house is full of inherited furniture I don't like. Should I keep it for sentimental reasons?,lifestyle
Here's my situation. Should I see a registered dietitian or figure out nutrition myself?,health
Here's my situation. Is a home warranty worth it or a waste of money?,finance
"Not sure what to do. Should I move to a place I've vacationed, or is that different from living there?",relocation
Should I end a 12-year relationship if the sex life has completely died? Feeling so lost.,relationship
Should I use a paper planner or a digital system? Feeling so lost.,lifestyle
My partner's mental health issues are draining me. Is it wrong to leave someone who's struggling? Am I overthinking this?,relationship
Big decision ahead. Should I rebalance my portfolio annually or only when it drifts significantly?,finance
I've been freelancing for a while. Should I go back to a full-time job or keep doing my own thing? Has anyone been through this?,career
I need advice. I have pets. How do I make an international move less traumatic for them?,relocation
I need advice. Should I move to a new city for a job opportunity or stay where I'm comfortable?,relocation
Help! My child has a learning disability. Should we mainstream them or find a specialized school?,family
Should I move back to my home country after living abroad for 5 years? Has anyone been through this?,relocation
I've always wanted kids but my partner changed their mind. Now what? Please help me decide.,family
Really struggling with this. Is omega-3 actually beneficial or a waste of money?,health
I'm a generalist in a world that wants specialists. How do I market myself? I really need some perspective.,career
Big decision ahead. I'm scared of pregnancy and childbirth. Should I reconsider having kids?,family
Should we have kids close together or space them out? What would you do?,family
Should I change my last name when I get married? My partner says they don't care either way. Am I overthinking this?,relationship
I want to simplify my wardrobe to a capsule collection. Where do I start? Am I overthinking this?,lifestyle
Big decision ahead. Should I force my kid to eat foods they hate or let them have preferences?,family
Is meal replacement shakes a good option for busy days?,health
My parents want to give me money to invest for them. Should I mix our finances?,finance
I've been thinking a lot about this. I want to start investing but the market feels really high right now. Should I wait?,finance
I'm considering buying a condo instead of a house. What are the hidden costs?,finance
"Is it worth waking up early on weekends too, or should I sleep in? Am I overthinking this?",lifestyle
My nutritionist says I should eat more fermented foods. Should I follow their plan exactly?,health
My manager just told me I'm on a remote-friendly performance plan. Should I start looking now? Has anyone been through this?,career
Should I pursue a terminal master's or go straight for the doctorate? What would you do?,education
Should I try an elimination diet to figure out my food sensitivities? Any advice?,health
Should I end a 4-year relationship if the sex life has completely died? Am I overthinking this?,relationship
My partner is from Canada and wants to move back home. Should I go? Any advice?,relocation
I need advice. Should I turn my hobby into a side business or keep it fun?,lifestyle
I need advice. My landlord offered to sell me the house I'm renting. Should I buy it?,finance
I've been thinking a lot about this. Should we use a sperm donor or keep trying with my partner's sperm?,family
Here's my situation. I'm happier when my partner is away on trips. What does that say about us?,relationship
Should I try an elimination diet to figure out my food sensitivities? Please help me decide.,health
I'm 55 and thinking about completely changing careers from education to design. Am I crazy?,career
Is it worth moving to a more expensive city for better career opportunities? Has anyone been through this?,relocation
I've been thinking a lot about this. Is it worth moving to a more expensive city for better career opportunities?,relocation
I want to run a marathon but I've never run more than a mile. Where do I start? What would you do?,health
Should I live with less space and more experiences? Please help me decide.,lifestyle
Really struggling with this. Should I tell my child they're adopted or keep it a secret?,family
"My dentist says I need extensive dental work but it costs $5,000. Is it really necessary? What would you do?",health
Big decision ahead. My partner got into grad school in Dubai. Should I move with them or try long distance?,relocation
Not sure what to do. Should I accept a job that requires me to move to Thailand?,relocation
I've been thinking a lot about this. I'm 22 and have no down payment saved. Should I even think about buying a home?,finance
I've been thinking a lot about this. I want to learn to play saxophone. Should I take lessons or use apps?,lifestyle
My doctor recommended back surgery but I'm scared of the risks. What should I do? Am I overthinking this?,health
Should I focus on cardio or strength training for weight loss? Any advice?,health
I've been thinking a lot about this. Is it better to rent and invest the difference or buy a home?,finance
Should I get vaccinated against HPV even though I'm person with a disability? What would you do?,health
Not sure what to do. We got married young and I feel like I missed out. Is that normal?,relationship
I want to start a restaurant but everyone says most businesses fail. Should I even try? What would you do?,career
Big decision ahead. I need to choose between two treatment plans. How do I decide?,health
Should I move back to my home country after living abroad for 12 years?,relocation
I'm scared of pregnancy and childbirth. Should I reconsider having kids? Any advice?,family
I'm a generalist in a world that wants specialists. How do I market myself? Any advice?,career
Here's my situation. Should I plan my week on Sunday night or Monday morning?,lifestyle
Really struggling with this. My partner got into grad school in Barcelona. Should I move with them or try long distance?,relocation
Should I prioritize my child's happiness or their future success? Feeling so lost.,family
Should I buy a fixer-upper in a great neighborhood or a move-in ready home in an okay area? What would you do?,finance
I've been thinking a lot about this. Should I reward myself for hitting habit milestones or rely on intrinsic motivation?,lifestyle
Not sure what to do. I'm burned out from undergrad. Should I take time off before grad school?,education
Should I buy a fixer-upper in a great neighborhood or a move-in ready home in an okay area?,finance
Really struggling with this. My partner wants to move in together after 3 months. Too soon?,relationship
I've been at my job for 15 years and feel completely stuck. Is it time to move on? What would you do?,career
Really struggling with this. I was diagnosed with bipolar disorder. Should I tell my employer?,health
Should I plan every hour of my day or leave room for spontaneity? Any advice? Should I involve my kids in volunteering or wait until they're older?,lifestyle
I've been thinking a lot about this. My industry is dying and I need to reskill. What's the fastest path to something stable?,career
I need advice. Should I do a thesis-based or course-based master's program?,education
I have chronic pain and doctors can't find the cause. Should I keep searching? I really need some perspective.,health
Really struggling with this. Should I take a 40% pay cut to work at a company I'm actually passionate about?,career
Is it too late to become a data scientist at 22? Feeling so lost.,career
I've been a consultant for 4 years but my real passion is author. How do I make the switch?,career
My lease is ending. Should I renew or finally make the move I've been dreaming about? Any advice?,relocation
"I'm 48 and went back to school, but I'm struggling to balance everything. Should I quit? Any advice?",education
Not sure what to do. Should we get genetic testing before trying to conceive?,family
"Is it worth waking up early on weekends too, or should I sleep in? What would you do?",lifestyle
"I'm only staying because I'm afraid of being alone. That's not a good reason, right? Am I overthinking this?",relationship
Should I buy a new construction home or something with character that's older?,finance
Should I hire an international moving company or do it myself?,relocation
Should I get a professional certification instead of a full graduate degree? I really need some perspective.,education
Is it better to invest in ETFs or mutual funds? Feeling so lost.,finance
Big decision ahead. Should I move to a new city for a job opportunity or stay where I'm comfortable?,relocation
Here's my situation. Should we celebrate every achievement or save praise for big things?,family
Help! My doctor says I need to reduce sodium. Should I cut it completely?,health
Should we move before having kids or wait until after? Am I overthinking this?,relocation
Not sure what to do. I'm happier when my partner is away on trips. What does that say about us?,relationship
Is med school worth the debt and stress if I'm not 30% sure I want to be a doctor? Feeling so lost.,education
I need advice. My doctor cleared me for exercise after a hip injury. Should I start slow or push through?,health
I'm being transferred and need to sell my house in a down market. Should I rent it out instead? Am I overthinking this?,finance
Big decision ahead. Should I combine my Music major with a Accounting minor for better job prospects?,education
I want to build a meditation habit. Should I start with 5 minutes or 20? Am I overthinking this?,lifestyle
Should I try physical therapy first or go straight to surgery? Please help me decide.,health
I want to move from individual contributor to management. Should I tell my boss? I really need some perspective.,career
I've been trying to conceive for 10 years. Should we consider fertility treatments? Please help me decide.,family
My partner said they want to 'take a break.' What does that even mean? Am I overthinking this?,relationship
The job market is rough right now. Should I take an offer I'm not excited about just to have income? What would you do?,career
Help! Should I digitize all my photos or keep the physical albums?,lifestyle
Should I accept a promotion that means relocating to a city I don't like? What would you do?,career
Should I get genetic testing for hypertension that runs in my family? What would you do?,health
Here's my situation. Should I hire a personal trainer or figure out workouts on my own?,health
My partner got into grad school in Paris. Should I move with them or try long distance? Any advice?,relocation
"My side hustle is making $15,000 per month. Should I go full-time? What would you do?",career
Is it dumb to invest in companies I actually use and like? Has anyone been through this?,finance
I've been thinking a lot about this. Should I put all my money in at once or dollar-cost average?,finance
"My dream company finally offered me a role, but it's in a different city. What should I do? Feeling so lost.",career
I've been thinking a lot about this. Is it worth the paperwork nightmare to move to Mexico for love?,relocation
Should I ship my furniture overseas or sell everything and start fresh? Feeling so lost.,relocation
Here's my situation. My doctor says I need to reduce sodium. Should I cut it completely?,health
Not sure what to do. Should we make our kids go to church even though we're not religious?,family
"Should I move to a walkable city and sell my car, or keep the car and the suburbs? Has anyone been through this?",relocation
Here's my situation. Should I do the 30-day minimalism challenge where you get rid of one thing each day?,lifestyle
I was laid off last month and have been struggling to find something at the same level. Should I lower my expectations? Any advice?,career
Should I plan my week on Sunday night or Monday morning? Please help me decide.,lifestyle
My friend wants me to be their roommate in Berlin. Should I take the plunge? What would you do?,relocation
I've been offered a transfer to our Barcelona office. Should I uproot my family and move? What would you do?,relocation
I keep failing at my New Year's resolutions. Should I stop making them? Am I overthinking this?,lifestyle
I've been thinking a lot about this. Should I count calories or focus on eating whole foods?,health
Really struggling with this. My employer offers tuition reimbursement for a master's. Should I do it part-time?,education
"Really struggling with this. I have $500,000 in savings earning nothing. Where should I put it?",finance
I've been thinking a lot about this. We moved in together and now we fight about noise all the time. Is this normal?,relationship
Big decision ahead. Should I move back to my home country after living abroad for 20 years?,relocation
Big decision ahead. Should we let our kids have smartphones before high school?,family
Should I do a working holiday in Thailand while I'm still young? Any advice?,relocation
My house is full of inherited furniture I don't like. Should I keep it for sentimental reasons? Feeling so lost.,lifestyle
I keep thinking about my ex from years ago. Should I contact them or let it go? Feeling so lost.,relationship
We want completely different things in life. Should we break up now or hope things change? Any advice?,relationship
Should I rebalance my portfolio annually or only when it drifts significantly? Feeling so lost.,finance
Help! Should I count calories or focus on eating whole foods?,health
Should I use a robo-advisor or manage my investments myself?,finance
My doctor says I need to lose 75 pounds for health reasons. Where do I start? Am I overthinking this?,health
Here's my situation. We're thinking of moving from New York to Denver for a lower cost of living. Worth it?,relocation
Here's my situation. I've always wanted kids but my partner changed their mind. Now what?,family
I need advice. Should we adopt an older child or wait for an infant?,family
I keep checking my investment app 5 times a day. Is this unhealthy? What would you do?,finance
I have two offers on the table — one from a established startup and one from a innovative corporation. How do I choose? Feeling so lost.,career
I need advice. Should I invest in crypto or is it too risky?,finance
Should I invite my toxic ex to my wedding because we share a friend group? Feeling so lost.,relationship
Should I pursue a terminal master's or go straight for the doctorate?,education
I'm considering selling everything and living in a tiny house. Am I crazy? Feeling so lost.,lifestyle
I need advice. Should I do a working holiday in New Zealand while I'm still young?,relocation
My kid wants a dog but I know I'll be the one taking care of it. Should we get one?,family
Really struggling with this. I'm scared of marriage because my parents divorced. How do I get past this?,relationship
I want to start a freelance business but everyone says most businesses fail. Should I even try? Feeling so lost.,career
I need advice. My financial advisor charges 5%. Is that reasonable or should I go fee-only?,finance
We've been together for 7 years and they still won't commit. Should I wait or leave? What would you do?,relationship
I'm worried about passing on autism to my children. Should I have kids anyway? Am I overthinking this?,family
Big decision ahead. Should I learn the language before moving to Germany or learn when I get there? My kid needs specialized medical care only available in Toronto. Should we relocate?,relocation
A recruiter reached out about a role that sounds perfect but requires a meditation certification I don't have. Should I invest in it? Any advice?,career
Help! Should I leave my cushy corporate job to work at a nonprofit with a mission I care about?,career
Big decision ahead. Should we tell our families we're trying to conceive or keep it private?,family
My employer offers tuition reimbursement for a master's. Should I do it part-time?,education
Should I change my last name when I get married? My partner says they don't care either way. I really need some perspective.,relationship
Really struggling with this. Should I keep a storage unit in my home country or get rid of everything?,relocation
Here's my situation. I'm considering a no-buy year. Has anyone done this successfully?,lifestyle
Should we become foster parents even if we don't plan to adopt? Am I overthinking this?,family
Should we combine finances after getting married or keep things separate? Please help me decide.,relationship
Really struggling with this. Should I travel abroad for a medical procedure that's cheaper there?,health
Here's my situation. Should I put all my money in at once or dollar-cost average?,finance
Should I rebalance my portfolio annually or only when it drifts significantly? Am I overthinking this?,finance
Is it better to focus on one habit at a time or change multiple at once? I really need some perspective.,lifestyle
Should I cut out dairy or just eat it in moderation? Please help me decide.,health
Help! College is destroying my mental health. Should I prioritize my wellbeing or push through?,education
My partner of 3 years cheated. Can trust ever be rebuilt? I really need some perspective.,relationship
Here's my situation. I want a big wedding but my partner wants to elope. Can we compromise?,relationship
I've been thinking a lot about this. Should I prioritize my child's happiness or their future success?,family
Help! I've been passed over for promotion 15 times now. Should I keep trying or leave?,career
Big decision ahead. Should we get a new place together or move into one of our existing apartments?,relationship
Big decision ahead. Should we start trying for a baby now or wait until we're more financially stable?,family
I'm interested in cybersecurity but the job market looks terrible. Should I study it anyway? I really need some perspective.,education
I'm in my senior year and want to drop out. My parents will be devastated. What do I do? Please help me decide.,education
My company offers an ESPP. Should I participate? Am I overthinking this?,finance
"Really struggling with this. My side hustle is making $15,000 per month. Should I go full-time?",career
Help! Should we combine finances after getting married or keep things separate?,relationship
I need advice. I've been offered a chance to move from sales to product management. Good move?,career
Should I tell my child they're adopted or keep it a secret? Please help me decide.,family
Should I do the 30-day minimalism challenge where you get rid of one thing each day? Any advice?,lifestyle
Should I use habit stacking to build new routines?,lifestyle
Not sure what to do. Should I be a stay-at-home parent or keep my career?,family
Help! Should I rent a place remotely or stay in temporary housing when I first arrive?,relocation
My partner of 6 years cheated. Can trust ever be rebuilt? Am I overthinking this?,relationship
Big decision ahead. Is it dumb to invest in companies I actually use and like?,finance
We agreed to try an open relationship and now I'm miserable. Should I end it? Please help me decide.,relationship
I need advice. Should we make our kids go to church even though we're not religious?,family
I've been thinking a lot about this. My university doesn't offer the exact major I want. Should I transfer or make do?,education
I've been thinking a lot about this. I'm a freshman and already hate my major. Is it too late to switch?,education
Is it better to focus on one habit at a time or change multiple at once? Feeling so lost.,lifestyle
My friends are all having kids and I'm feeling left behind. Should that influence my decision?,family
My cholesterol is high. Should I change my diet or take statins? Please help me decide.,health
I've been thinking a lot about this. Should I focus on cardio or strength training for weight loss?,health
Help! I want to stop procrastinating. Should I use the 2-minute rule or time blocking?,lifestyle
I've been thinking a lot about this. Should I read my teen's diary if I'm worried about their mental health?,family
Really struggling with this. Should I have preventive surgery because of my family history?,health
Should I leave my cushy corporate job to work at a nonprofit with a mission I care about? Any advice?,career
Should we adopt an older child or wait for an infant? I really need some perspective.,family
Should I get a fixer-upper and do the work myself or hire contractors? Any advice?,finance
Should I keep a storage unit in my home country or get rid of everything? What would you do?,relocation
I need advice. Should I have a nighttime routine or just collapse into bed?,lifestyle
I need advice. Is a master's from an online university respected in teaching?,education
Really struggling with this. Should I use my entire savings for a down payment or keep an emergency fund?,finance
Really struggling with this. Is a home warranty worth it or a waste of money?,finance
Big decision ahead. Should we move before having kids or wait until after?,relocation
Should I go to grad school right after undergrad or work first?,education
Here's my situation. Should I leave my cushy corporate job to work at a nonprofit with a mission I care about?,career
"I'm 50 and went back to school, but I'm struggling to balance everything. Should I quit?",education
Help! Should I force my kid to eat foods they hate or let them have preferences?,family
"My side hustle is making $8,000 per month. Should I go full-time? Please help me decide.",career
Here's my situation. Should I go to grad school locally or move across the country for a better program?,education
"I have $2,000 in savings earning nothing. Where should I put it? Please help me decide.",finance
I've been a sales rep for 7 years but my real passion is data scientist. How do I make the switch? I really need some perspective.,career
Not sure what to do. Should I double major or focus on one thing and do it well?,education
I want to read more books this year. Should I set a number goal or just read daily?,lifestyle
Should I move to a smaller town where I can afford a house or stay in the city and rent?,relocation
Here's my situation. I need a colonoscopy but my insurance won't cover it. Should I pay out of pocket?,health
Should I take a 20% pay cut to work at a company I'm actually passionate about?,career
Big decision ahead. I have two offers on the table — one from a dynamic startup and one from a fast-paced corporation. How do I choose?,career
Not sure what to do. Is a home warranty worth it or a waste of money?,finance
I've been thinking a lot about this. Should I keep my citizenship when moving abroad permanently?,relocation
Here's my situation. We moved in together and now we fight about guests all the time. Is this normal?,relationship
Should I double major or focus on one thing and do it well?,education
Not sure what to do. Should we let our kids have smartphones before high school?,family
Not sure what to do. My doctor says I need to lose 40 pounds for health reasons. Where do I start?,health
My doctor recommended shoulder surgery but I'm scared of the risks. What should I do? Has anyone been through this?,health
Should I travel abroad for a medical procedure that's cheaper there? Please help me decide.,health
I'm considering buying a condo instead of a house. What are the hidden costs? Has anyone been through this?,finance
My job is fully remote. Where should I move to maximize my quality of life? I really need some perspective.,relocation
My university doesn't offer the exact major I want. Should I transfer or make do? Please help me decide.,education
Big decision ahead. I have a business idea but I'm scared to quit my job. When is the right time to leap?,career
I've been passed over for promotion 12 times now. Should I keep trying or leave? Feeling so lost.,career
I need advice. Should I keep my business as a side gig or commit to it fully?,career
Here's my situation. Is it worth moving to a more expensive city for better career opportunities?,relocation
I need advice. Is it better to focus on one habit at a time or change multiple at once?,lifestyle
Big decision ahead. Should I study what I'm good at or what challenges me?,education
I need advice. Should I try {cuisine} cuisine for its supposed longevity benefits?,health
Not sure what to do. The job market is rough right now. Should I take an offer I'm not excited about just to have income?,career
Should I count calories or focus on eating whole foods? I really need some perspective.,health
Not sure what to do. My child was diagnosed with epilepsy. Should we tell them or wait?,family
Should I move back to my home country after living abroad for 6 years? Am I overthinking this?,relocation
My house is full of inherited furniture I don't like. Should I keep it for sentimental reasons? Am I overthinking this?,lifestyle
Not sure what to do. Should I go to the ER or wait for an urgent care appointment?,health
I found my dream house but it's 40% over my budget. Should I stretch? I really need some perspective.,finance
Should I sign a prenup? My partner is offended that I even brought it up. What would you do?,relationship
Should I change my last name when I get married? My partner says they don't care either way. Any advice?,relationship
I'm stuck between majoring in Theater and Engineering. Which has better long-term prospects? What would you do?,education
Big decision ahead. Should I get rid of books I've already read or keep them as a library?,lifestyle
Should I get vaccinated against pneumonia even though I'm older employee? Am I overthinking this?,health
My psychiatrist suggested ECT for my depression. Should I consider it?,health
Should I max out my 401k or pay off my student loans first? Am I overthinking this?,finance
I've been thinking a lot about this. Should I use habit stacking to build new routines?,lifestyle
Should I combine my Philosophy major with a Accounting minor for better job prospects? Has anyone been through this?,education
"Here's my situation. Is international school worth the cost, or should I put my kids in local schools?",relocation
I keep thinking about my ex from years ago. Should I contact them or let it go? Am I overthinking this?,relationship
Is it better to focus on one habit at a time or change multiple at once? What would you do?,lifestyle
Should I use habit stacking to build new routines? Any advice?,lifestyle
Help! My partner is from Argentina and wants to move back home. Should I go?,relocation
Help! A recruiter reached out about a role that sounds perfect but requires a writing certification I don't have. Should I invest in it?,career
I still love my ex but I'm with someone new. Should I reach out? Please help me decide.,relationship
I'm a generalist in a world that wants specialists. How do I market myself? Am I overthinking this?,career
I've been offered a chance to move from sales to product management. Good move? Has anyone been through this?,career
Should I see a registered dietitian or figure out nutrition myself? Please help me decide.,health
Help! I want to start a app but everyone says most businesses fail. Should I even try?,career
Help! Is the Pomodoro technique actually effective or just trendy?,lifestyle
My university doesn't offer the exact major I want. Should I transfer or make do? Am I overthinking this?,education
"I have $2,000 in savings earning nothing. Where should I put it? What would you do?",finance
Thinking about pivoting from corporate life to creative work. Anyone done this? Please help me decide.,career
Help! Should I use my entire savings for a down payment or keep an emergency fund?,finance
Here's my situation. My cholesterol is high. Should I change my diet or take statins?,health
I've been thinking a lot about this. My partner never apologizes. Is this a personality trait or a red flag?,relationship
I need advice. I want to start investing but the market feels really high right now. Should I wait?,finance
Is med school worth the debt and stress if I'm not 40% sure I want to be a doctor? What would you do?,education
Should I read my teen's diary if I'm worried about their mental health? Any advice?,family
Is owning a car necessary or should I rely on public transit and rideshare? What would you do?,lifestyle
Should I eat before my morning workout or train fasted? I really need some perspective.,health
Help! I have no idea what to major in. Should I take a gap year to figure it out?,education
Help! Should I keep my business as a side gig or commit to it fully?,career
Should I track my macros or just eat intuitively? Please help me decide.,health
I need advice. Should we use a sperm donor or keep trying with my partner's sperm?,family
Is it worth moving to a more expensive city for better career opportunities? Any advice?,relocation
My psychiatrist suggested ECT for my depression. Should I consider it? What would you do?,health
Not sure what to do. My company offers an ESPP. Should I participate?,finance
Not sure what to do. I'm in my junior year and want to drop out. My parents will be devastated. What do I do?,education
Big decision ahead. I'm overwhelmed by all my subscriptions. Should I cancel everything and resubscribe only to what I miss?,lifestyle
I'm happier when my partner is away on trips. What does that say about us?,relationship
"My dream company finally offered me a role, but it's in a different city. What should I do? Any advice?",career
Should I move to a smaller town where I can afford a house or stay in the city and rent? Am I overthinking this?,relocation
Big decision ahead. We want to move to a better school district but can't afford the houses there. Options?,relocation
Help! I'm scared of pregnancy and childbirth. Should I reconsider having kids?,family
Should we make our kids go to church even though we're not religious? Please help me decide.,family
Here's my situation. I got recruited by a competitor with a much better package. Should I tell my boss?,career
Big decision ahead. Should I put down 40% to avoid PMI or keep that money invested?,finance
I've been thinking a lot about this. Should I propose even though I can't afford an expensive ring right now?,relationship
Big decision ahead. I'm tired of winter and want to move somewhere warm. Am I being impulsive?,relocation
Here's my situation. My child is struggling socially. Should I arrange playdates or let them figure it out?,family
Should I move my elderly parent to live with me abroad or visit them frequently? I really need some perspective.,relocation
Here's my situation. Is meal replacement shakes a good option for busy days?,health
My industry is dying and I need to reskill. What's the fastest path to something stable? I really need some perspective.,career
Here's my situation. I'm a generalist in a world that wants specialists. How do I market myself?,career
"I've been thinking a lot about this. I'm only staying because I'm afraid of being alone. That's not a good reason, right?",relationship
Should I have a nighttime routine or just collapse into bed?,lifestyle
Should I get rid of books I've already read or keep them as a library? What would you do?,lifestyle
I need advice. Should we combine finances after getting married or keep things separate?,relationship
I need advice. We're thinking of moving from Seattle to Atlanta for a lower cost of living. Worth it?,relocation
Really struggling with this. Should I turn my hobby into a side business or keep it fun?,lifestyle
Is it better to invest in ETFs or mutual funds? Any advice?,finance
My friends are all having kids and I'm feeling left behind. Should that influence my decision? What would you do?,family
I need advice. My parents want to give me money to invest for them. Should I mix our finances?,finance
Here's my situation. Is intermittent fasting safe for someone with my health conditions?,health
I need advice. Should I use a paper planner or a digital system?,lifestyle
"Big decision ahead. Should I become a single parent by choice, or wait for a partner?",family
I want to simplify my wardrobe to a capsule collection. Where do I start? Feeling so lost. Is smart home technology worth it or just a gimmick?,lifestyle
Big decision ahead. The job market is rough right now. Should I take an offer I'm not excited about just to have income?,career
Really struggling with this. Should I keep my citizenship when moving abroad permanently?,relocation
I need advice. My child is struggling socially. Should I arrange playdates or let them figure it out?,family
My partner is from France and wants to move back home. Should I go? I really need some perspective.,relocation
Really struggling with this. Should I digitize all my photos or keep the physical albums?,lifestyle
A recruiter reached out about a role that sounds perfect but requires a cooking certification I don't have. Should I invest in it? Am I overthinking this?,career
Is getting a second master's degree in a different field a good idea? Please help me decide.,education
I need advice. We're thinking of retiring abroad in Canada. Has anyone done this?,relocation
My child is struggling socially. Should I arrange playdates or let them figure it out? Feeling so lost.,family
Help! Should I combine my Communications major with a Marketing minor for better job prospects?,education
I've been thinking a lot about this. Should I invite my toxic ex to my wedding because we share a friend group?,relationship
Big decision ahead. I've been at my job for 6 years and feel completely stuck. Is it time to move on?,career
Should I stay with someone whose family hates me? Feeling so lost.,relationship
We got married young and I feel like I missed out. Is that normal? Any advice?,relationship
I've been thinking a lot about this. I've been offered a transfer to our Mumbai office. Should I uproot my family and move?,relocation
Big decision ahead. Should I double major or focus on one thing and do it well? I'm good at {subject1} and {subject2}. Which should I pursue as a career?,education
Not sure what to do. I want to simplify my wardrobe to a capsule collection. Where do I start?,lifestyle
I'm worried about passing on IBS to my children. Should I have kids anyway? Please help me decide.,family
Big decision ahead. My industry is dying and I need to reskill. What's the fastest path to something stable?,career
Should I put all my money in at once or dollar-cost average? Any advice?,finance
Should I minor in something completely different from my major? Any advice?,education
Help! My partner never apologizes. Is this a personality trait or a red flag?,relationship
I need advice. Should I stop celebrating birthdays with gifts and just spend time together?,lifestyle
My company offers an ESPP. Should I participate? What would you do?,finance
I've been thinking a lot about this. My house is full of inherited furniture I don't like. Should I keep it for sentimental reasons?,lifestyle
Should I move to a new city for a job opportunity or stay where I'm comfortable? Please help me decide.,relocation
My child was diagnosed with autism. Should we tell them or wait? Am I overthinking this?,family
My employer offers tuition reimbursement for a master's. Should I do it part-time? Please help me decide.,education
I'm scared of pregnancy and childbirth. Should I reconsider having kids? Feeling so lost.,family
I'm stuck between majoring in Theater and Finance. Which has better long-term prospects? Am I overthinking this?,education
I've been at my job for 5 years and feel completely stuck. Is it time to move on? Am I overthinking this?,career
"I need advice. My student loan payment is $10,000 per month. Should I refinance?",finance
Here's my situation. Is getting an MBA worth it for someone looking to pivot from retail to healthcare?,career
Help! We're considering IVF but it's so expensive. Is it worth the financial strain?,family
Should we have another child when our first was so difficult? Am I overthinking this?,family
My friend swears by gluten-free but my doctor is skeptical. Who do I listen to? Has anyone been through this?,health
I've been thinking a lot about this. Should I let my child fail or protect them from every hardship?,family
My company wants me to open an office in Mexico. Should I take the expat package? I really need some perspective.,relocation
Should I move to a city where I know nobody for my dream job? Please help me decide.,relocation
Should I stay with someone whose family hates me? Should I invite my toxic ex to my wedding because we share a friend group?,relationship
Big decision ahead. Thinking about pivoting from corporate life to creative work. Anyone done this?,career
"Help! My dream company finally offered me a role, but it's in a different city. What should I do?",career
Should I have preventive surgery because of my family history? What would you do?,health
We agreed to try an open relationship and now I'm miserable. Should I end it? What would you do?,relationship
I have no idea what to major in. Should I take a gap year to figure it out? What would you do?,education
Should I change my last name when I get married? My partner says they don't care either way.,relationship
I've been thinking a lot about this. Should I go paperless with all my documents or keep physical copies?,lifestyle
My industry is dying and I need to reskill. What's the fastest path to something stable?,career
"I need advice. I have $10,000 in savings earning nothing. Where should I put it?",finance
We're thinking of moving from San Francisco to Denver for a lower cost of living. Worth it? Any advice?,relocation
I need to choose between two treatment plans. How do I decide?,health
Should I buy a house now with these high interest rates or wait until next year? Has anyone been through this?,finance
Help! My doctor says I need to lose 50 pounds for health reasons. Where do I start?,health
We got married young and I feel like I missed out. Is that normal? Has anyone been through this?,relationship
Should I invest in crypto or is it too risky?,finance
Not sure what to do. I found my dream house but it's 15% over my budget. Should I stretch?,finance
Really struggling with this. I'm 48 and have no down payment saved. Should I even think about buying a home?,finance
I've been thinking a lot about this. I was laid off last month and have been struggling to find something at the same level. Should I lower my expectations?,career
My parents want to give me money to invest for them. Should I mix our finances? Am I overthinking this?,finance
Really struggling with this. Should I unsubscribe from all marketing emails or just the ones I never read?,lifestyle
I've been thinking a lot about this. Should I go to grad school right after undergrad or work first?,education
Should I declutter my entire house in one weekend or do it gradually? Please help me decide.,lifestyle
I've been thinking a lot about this. Should I take a significant pay cut to work at a company I'm actually passionate about?,career
Help! Should I study what I'm good at or what challenges me?,education
Big decision ahead. Is med school worth the debt and stress if I'm not 50% sure I want to be a doctor?,education
Help! Should I take a semester off to figure out what I actually want?,education
Should I get a senior-year mortgage or stretch it to {year2} years for lower payments? Am I overthinking this?,finance
Big decision ahead. Should I have my wisdom teeth removed even though they're not bothering me?,health
Really struggling with this. I'm in my fourth year and want to drop out. My parents will be devastated. What do I do?,education
Should I see a registered dietitian or figure out nutrition myself? What would you do?,health
Should I participate in a clinical trial for my condition? Has anyone been through this? My doctor recommended an IUD but I'm nervous about the insertion pain.,health
"I found the perfect engagement ring but it's $3,000. Is that too much? Feeling so lost.",relationship
Should I take an entry-level position in a new field or hold out for something senior? Has anyone been through this?,career
My partner is from Singapore and wants to move back home. Should I go? Has anyone been through this?,relocation
My lease is ending. Should I renew or finally make the move I've been dreaming about? Please help me decide.,relocation
We're thinking of retiring abroad in the UK. Has anyone done this? Feeling so lost. Should I move for a job at a startup that might not last?,relocation
Really struggling with this. Should I minimize my kitchen gadgets or keep the ones I use once a year?,lifestyle
I've always wanted kids but my partner changed their mind. Now what? Am I overthinking this?,family
Should I leave my cushy corporate job to work at a nonprofit with a mission I care about? I really need some perspective.,career
We got married young and I feel like I missed out. Is that normal?,relationship
Not sure what to do. Should I get a fixer-upper and do the work myself or hire contractors?,finance
I have a business idea but I'm scared to quit my job. When is the right time to leap? What would you do?,career
Here's my situation. I love my partner but I'm not physically attracted to them anymore. Should I end it?,relationship
Help! I want to switch industries but every job posting wants experience I don't have. How do I break in?,career
Is Physics actually a good degree or should I pick something more practical? Any advice?,education
Is owning a car necessary or should I rely on public transit and rideshare? Feeling so lost.,lifestyle
I need advice. Should I reward myself for hitting habit milestones or rely on intrinsic motivation?,lifestyle
Should I try {cuisine} cuisine for its supposed longevity benefits? Has anyone been through this?,health
We moved in together and now we fight about cooking all the time. Is this normal? Feeling so lost.,relationship
Really struggling with this. My current employer countered my resignation with a huge raise. Should I stay?,career
Should I invest in individual stocks or stick with index funds? What would you do?,finance
My partner and I both got into different grad schools. How do we decide? Feeling so lost.,education
Help! I found a lump. Should I wait to see if it goes away or see a doctor immediately?,health
I'm 55 and haven't started investing for retirement. Am I too late? Am I overthinking this?,finance
Big decision ahead. I need a colonoscopy but my insurance won't cover it. Should I pay out of pocket?,health
Really struggling with this. I'm tired of winter and want to move somewhere warm. Am I being impulsive?,relocation
Not sure what to do. I'm interested in biotech but the job market looks terrible. Should I study it anyway?,education
I got recruited by a competitor with a much better package. Should I tell my boss? Has anyone been through this?,career
Here's my situation. I keep checking my investment app 15 times a day. Is this unhealthy?,finance
I want to start investing but the market feels really high right now. Should I wait? Any advice?,finance
Really struggling with this. We're fighting about screen time limits. What's reasonable for a 32-year-old?,family
My partner got into grad school in Toronto. Should I move with them or try long distance? Please help me decide.,relocation
I want to build a meditation habit. Should I start with 5 minutes or 20? Please help me decide.,lifestyle
Here's my situation. Should I sell my investments to pay off credit card debt?,finance
I have a business idea but I'm scared to quit my job. When is the right time to leap? Please help me decide.,career
Really struggling with this. My child was diagnosed with bipolar disorder. Should we tell them or wait?,family
Should I go to the ER or wait for an urgent care appointment? I really need some perspective.,health
Should I rent first when moving to a new city or buy immediately? Please help me decide.,relocation
I've been thinking a lot about this. My doctor says I need to lose 50 pounds for health reasons. Where do I start?,health
Is organic produce worth the extra cost? I really need some perspective.,health
My financial advisor charges 10%. Is that reasonable or should I go fee-only? Has anyone been through this?,finance
We're considering IVF but it's so expensive. Is it worth the financial strain? I really need some perspective.,family
Really struggling with this. I'm a freshman and already hate my major. Is it too late to switch?,education
Help! I want to move from individual contributor to management. Should I tell my boss?,career
I need advice. My kid is being bullied. Should I call the school or teach them to handle it?,family
I want to switch industries but every job posting wants experience I don't have. How do I break in? Am I overthinking this?,career
Should I go to the ER or wait for an urgent care appointment?,health
Really struggling with this. I'm considering a no-buy year. Has anyone done this successfully?,lifestyle
Should I buy less stuff or buy higher quality stuff? Any advice?,lifestyle
Really struggling with this. My partner's mental health issues are draining me. Is it wrong to leave someone who's struggling?,relationship
Should I try {cuisine} cuisine for its supposed longevity benefits? Feeling so lost.,health
My child is struggling socially. Should I arrange playdates or let them figure it out? What would you do?,family
My partner proposed but I'm not sure I'm ready for marriage. How do I know?,relationship
"I got into a top master's program but have to take on $100,000 in loans. Should I go? Has anyone been through this?",education
I keep failing at my New Year's resolutions. Should I stop making them? I really need some perspective.,lifestyle
Should my partner and I have kids even though we both have demanding careers? What would you do?,family
Big decision ahead. Should I go to a lower-ranked school with full funding or a top school with no aid?,education
Big decision ahead. Should I do a thesis-based or course-based master's program?,education
I've been offered a transfer to our Singapore office. Should I uproot my family and move? I really need some perspective.,relocation
Really struggling with this. Should I meal prep every Sunday or cook fresh daily?,health
We got married young and I feel like I missed out. Is that normal? What would you do?,relationship
Not sure what to do. My partner wants to move in together after 3 months. Too soon?,relationship
I need advice. Should I minor in something completely different from my major?,education
My doctor says I need to reduce sodium. Should I cut it completely? Has anyone been through this?,health
Should I freeze my eggs even though I'm not sure I want kids? Please help me decide.,family
Big decision ahead. Should I get a second opinion on my diagnosis or trust my current doctor? Should I get disability insurance even though I'm young and healthy?,health
Really struggling with this. My house is full of inherited furniture I don't like. Should I keep it for sentimental reasons?,lifestyle
I need advice. I've been passed over for promotion 2 times now. Should I keep trying or leave?,career
Not sure what to do. Should I pursue a terminal master's or go straight for the doctorate?,education
I've been thinking a lot about this. I want to build a meditation habit. Should I start with 5 minutes or 20?,lifestyle
"Should I move to a walkable city and sell my car, or keep the car and the suburbs? Am I overthinking this?",relocation
Help! My company is relocating to Barcelona and I have to decide by next month. What should I consider?,relocation
I'm stuck between majoring in History and Engineering. Which has better long-term prospects? I really need some perspective.,education
Should I get a fixer-upper and do the work myself or hire contractors? What would you do?,finance
We want to move to a better school district but can't afford the houses there. Options?,relocation
Should I get a second opinion on my diagnosis or trust my current doctor? Any advice?,health
I've been thinking a lot about this. Should I tell my child they're adopted or keep it a secret?,family
I have no hobbies and feel boring. How do I find something I'm passionate about? Please help me decide.,lifestyle
Is owning a car necessary or should I rely on public transit and rideshare? Please help me decide.,lifestyle
I'm 45 and haven't started investing for retirement. Am I too late? Any advice?,finance
Should I propose even though I can't afford an expensive ring right now? Am I overthinking this?,relationship
I need advice. Is owning a car necessary or should I rely on public transit and rideshare?,lifestyle
"I'm only staying because I'm afraid of being alone. That's not a good reason, right? I really need some perspective.",relationship
"Is international school worth the cost, or should I put my kids in local schools? Please help me decide.",relocation
Should I pick a major based on passion or earning potential? Please help me decide.,education
I'm being offered a remote position with 50% travel. Is that a good deal? Please help me decide.,career
I've been thinking a lot about this. Should I meal prep every Sunday or cook fresh daily?,health
Not sure what to do. I have a family. Can I survive grad school while being a parent?,education
I've been thinking a lot about this. Should I use a robo-advisor or manage my investments myself?,finance
Not sure what to do. Is getting a second master's degree in a different field a good idea?,education
We're married but living like roommates. Is this fixable? Feeling so lost.,relationship
Help! Should I invest in individual stocks or stick with index funds?,finance
Should we start trying for a baby now or wait until we're more financially stable? Has anyone been through this?,family
I've been thinking a lot about this. My partner is from Italy and wants to move back home. Should I go?,relocation
Should I do the 30-day minimalism challenge where you get rid of one thing each day?,lifestyle
I need advice. Should I track every habit or just focus on the most important ones?,lifestyle
Really struggling with this. Should I do a working holiday in the Netherlands while I'm still young?,relocation
Here's my situation. I've been trying to conceive for 12 years. Should we consider fertility treatments?,family
I've always wanted kids but my partner changed their mind. Now what? Any advice?,family
Really struggling with this. My partner wants to go vegan but I love meat. How do we make meals work?,health
I'm considering a PhD in human resources but it takes 4 years. Is it worth it? Feeling so lost.,education
I need advice. Should I move closer to work to cut my commute or keep my affordable place?,relocation
I've been thinking a lot about this. I got my CCNA certification but nobody will hire me without experience. Catch-22?,career
Really struggling with this. Should I read my teen's diary if I'm worried about their mental health?,family
Should I move back to my hometown or stay in the city where I built my life? Feeling so lost.,relocation
My doctor wants to put me on a new medication but I'm worried about side effects.,health
My co-founder and I keep disagreeing on direction. Should we split up? Has anyone been through this?,career
"Big decision ahead. Should I move to a place I've vacationed, or is that different from living there?",relocation
Here's my situation. Should I have my wisdom teeth removed even though they're not bothering me?,health
Big decision ahead. Should I read my teen's diary if I'm worried about their mental health?,family
I'm considering moving to Paris sight unseen for a remote job. Bad idea? What would you do?,relocation
I've been thinking a lot about this. My religious family doesn't approve of my partner. Should we still have the wedding?,relationship
Should I rent a place remotely or stay in temporary housing when I first arrive? Any advice?,relocation
Should I try physical therapy first or go straight to surgery? Has anyone been through this?,health
Should we use a sperm donor or keep trying with my partner's sperm? Feeling so lost.,family
My industry is dying and I need to reskill. What's the fastest path to something stable? Am I overthinking this?,career
I'm 50 and haven't started investing for retirement. Am I too late?,finance
My kid is being bullied. Should I call the school or teach them to handle it? What would you do?,family
I'm addicted to buying things when I'm stressed. How do I break this habit? Please help me decide.,lifestyle
I need to choose between two treatment plans. How do I decide? Am I overthinking this?,health
Here's my situation. My friend wants me to be their roommate in Seoul. Should I take the plunge?,relocation
Should we adopt domestically or internationally? I really need some perspective.,family
My kid is being bullied. Should I call the school or teach them to handle it? Am I overthinking this?,family
Should we adopt instead of having biological children? What would you do?,family
Big decision ahead. Should I rent a place remotely or stay in temporary housing when I first arrive?,relocation
Really struggling with this. Should I let my child fail or protect them from every hardship?,family
We fight about the thermostat constantly. Is this normal relationship stuff or are we incompatible?,relationship
Help! Should I try {cuisine} cuisine for its supposed longevity benefits?,health
I've been thinking a lot about this. Is a home warranty worth it or a waste of money?,finance
Is the Pomodoro technique actually effective or just trendy? Feeling so lost.,lifestyle
Should I break up with someone who is perfect on paper but I don't feel excited about?,relationship
I'm interested in advertising but the job market looks terrible. Should I study it anyway? Please help me decide.,education
Should I pursue a terminal master's or go straight for the doctorate? I really need some perspective.,education
"After 25 years in cybersecurity, I realized I hate it. How do I start over? What would you do?",career
I've been thinking a lot about this. I'm considering selling everything and living in a tiny house. Am I crazy?,lifestyle
I need advice. Should I max out my 401k or pay off my student loans first?,finance
Not sure what to do. Should I move back to my hometown or stay in the city where I built my life?,relocation
I've been thinking a lot about this. I keep thinking about my ex from years ago. Should I contact them or let it go?,relationship
Here's my situation. I want to run a marathon but I've never run more than a mile. Where do I start?,health
Here's my situation. I've been coding on the side and want to become a developer. Should I quit my retail?,career
Big decision ahead. Is owning a car necessary or should I rely on public transit and rideshare?,lifestyle
Here's my situation. I still love my ex but I'm with someone new. Should I reach out?,relationship
Should I double major or focus on one thing and do it well? Feeling so lost.,education
Should I track every habit or just focus on the most important ones? Am I overthinking this?,lifestyle
Help! My PhD advisor is leaving the university. Should I follow them or find a new advisor?,education
Should I get a professional certification instead of a full graduate degree? Am I overthinking this?,education
Not sure what to do. Should I track my macros or just eat intuitively?,health
Big decision ahead. Should I meal prep every Sunday or cook fresh daily?,health
Not sure what to do. Should we celebrate every achievement or save praise for big things?,family
"After getting laid off from tech, I'm considering healthcare. Anyone made this switch? Am I overthinking this?",career
I found a lump. Should I wait to see if it goes away or see a doctor immediately? Has anyone been through this?,health
Help! Should I be a stay-at-home parent or keep my career?,family
Should I go to grad school right after undergrad or work first? What would you do?,education
Should I use a robo-advisor or manage my investments myself? Has anyone been through this?,finance
I need advice. My partner is a hoarder and I'm a minimalist. Can this relationship survive?,lifestyle
Is the Pomodoro technique actually effective or just trendy? Any advice?,lifestyle
I'm overwhelmed by all my subscriptions. Should I cancel everything and resubscribe only to what I miss?,lifestyle
Really struggling with this. Should I bootstrap my startup or take investor money and give up equity?,career
I've been thinking a lot about this. We're thinking of moving from Miami to Denver for a lower cost of living. Worth it?,relocation
My doctor says I need to lose 40 pounds for health reasons. Where do I start? Has anyone been through this?,health
Should I go to grad school locally or move across the country for a better program? Please help me decide.,education
I'm being offered a remote position with occasional travel. Is that a good deal? Any advice?,career
I got my agile certification but nobody will hire me without experience. Catch-22? Am I overthinking this?,career
"I have $5,000 in credit card debt. Should I consolidate or use the avalanche method?",finance
Help! Is a home warranty worth it or a waste of money?,finance
Should I move to a new city for a job opportunity or stay where I'm comfortable? Am I overthinking this?,relocation
Should I change my last name when I get married? My partner says they don't care either way. Has anyone been through this?,relationship
Here's my situation. Should I buy in the city where I work or the suburbs where I can afford more?,finance
I want a big wedding but my partner wants to elope. Can we compromise? Any advice?,relationship
I found my dream house but it's 75% over my budget. Should I stretch? Am I overthinking this?,finance
Should I get rid of books I've already read or keep them as a library? Has anyone been through this?,lifestyle
Should we get a new place together or move into one of our existing apartments? Feeling so lost.,relationship
Here's my situation. My doctor says I'm pre-diabetic. Should I go on medication or try lifestyle changes first?,health
I need advice. Should I take a semester off to figure out what I actually want?,education
My cholesterol is high. Should I change my diet or take statins? Any advice?,health
Big decision ahead. We're fighting about screen time limits. What's reasonable for a 27-year-old?,family
I've been thinking a lot about this. Should I have a nighttime routine or just collapse into bed?,lifestyle
I need advice. Should I freeze my eggs even though I'm not sure I want kids?,family
I just got an offer from the finance company but I'm not sure if leaving my current stable position is the right move.,career
Should I have my wisdom teeth removed even though they're not bothering me? What would you do?,health
Should I ship my furniture overseas or sell everything and start fresh? Please help me decide.,relocation
I've been thinking a lot about this. Should I invest in crypto or is it too risky?,finance
I'm scared of marriage because my parents divorced. How do I get past this? Has anyone been through this?,relationship
Should I sell my investments to pay off credit card debt? Am I overthinking this?,finance
Should I buy a new construction home or something with character that's older? What would you do?,finance
Should I rent first when moving to a new city or buy immediately?,relocation
I've been coding on the side and want to become a developer. Should I quit my food service? Please help me decide.,career
Really struggling with this. I was laid off last month and have been struggling to find something at the same level. Should I lower my expectations?,career
I need advice. I'm burned out from undergrad. Should I take time off before grad school?,education
Big decision ahead. I want to start investing but the market feels really high right now. Should I wait?,finance
I need advice. Should we tell our families we're trying to conceive or keep it private?,family
I've been thinking a lot about this. My job is fully remote. Where should I move to maximize my quality of life?,relocation
Big decision ahead. My advisor says I should add a statistics minor to any major I choose. Good advice?,education
My partner wants 15 kids and I want {num2}. How do we compromise? Please help me decide.,family
"After getting laid off from tech, I'm considering healthcare. Anyone made this switch? Feeling so lost.",career
Help! Should we tell our families we're trying to conceive or keep it private?,family
"Big decision ahead. My dentist says I need extensive dental work but it costs $5,000. Is it really necessary?",health
Big decision ahead. I want a big wedding but my partner wants to elope. Can we compromise?,relationship
Big decision ahead. We moved in together and now we fight about chores all the time. Is this normal?,relationship
Should I read my teen's diary if I'm worried about their mental health? What would you do?,family
Here's my situation. Should I have preventive surgery because of my family history?,health
Big decision ahead. My university doesn't offer the exact major I want. Should I transfer or make do?,education
My university doesn't offer the exact major I want. Should I transfer or make do? Has anyone been through this?,education
My parents want to give me money to invest for them. Should I mix our finances? Feeling so lost.,finance
I've been thinking a lot about this. Should my partner and I have kids even though we both have demanding careers?,family
Here's my situation. Should I move my elderly parent to live with me abroad or visit them frequently?,relocation
My friend keeps giving me stock tips. Should I listen or stick to my plan? Any advice?,finance
Should I let my child fail or protect them from every hardship? What would you do?,family
My partner is a hoarder and I'm a minimalist. Can this relationship survive?,lifestyle
My parents want to give me money to invest for them. Should I mix our finances? Any advice?,finance
My house is full of inherited furniture I don't like. Should I keep it for sentimental reasons? Has anyone been through this?,lifestyle
We're considering IVF but it's so expensive. Is it worth the financial strain?,family
My company offers an ESPP. Should I participate? I really need some perspective.,finance
Should I take out a personal loan to pay off my higher-interest credit cards?,finance
I need advice. I have two offers on the table — one from a difficult startup and one from a innovative corporation. How do I choose?,career
My partner's mental health issues are draining me. Is it wrong to leave someone who's struggling? Any advice?,relationship
Should I minor in something completely different from my major? Am I overthinking this?,education
Not sure what to do. Should I count calories or focus on eating whole foods?,health
Should we have another child when our first was so difficult?,family
Really struggling with this. Should we combine finances after getting married or keep things separate?,relationship
Here's my situation. Should I journal every morning or only when I feel like it?,lifestyle
Is getting an MBA worth it for someone looking to pivot from manufacturing to design? Please help me decide.,career
Should I let my child fail or protect them from every hardship? Feeling so lost.,family
Help! Should I journal every morning or only when I feel like it?,lifestyle
Here's my situation. Should I eat before my morning workout or train fasted?,health
Is it better to rent and invest the difference or buy a home? What would you do?,finance
I've been thinking a lot about this. Should we become foster parents even if we don't plan to adopt?,family
My university doesn't offer the exact major I want. Should I transfer or make do? I really need some perspective.,education
Here's my situation. I want to move from individual contributor to management. Should I tell my boss?,career
I need advice. Should we start trying for a baby now or wait until we're more financially stable?,family
My parents offered to help with the down payment but want a say in which house. Should I accept? Feeling so lost.,finance
"Should I move to a place I've vacationed, or is that different from living there? Please help me decide.",relocation
Really struggling with this. We're thinking of moving from Los Angeles to Austin for a lower cost of living. Worth it?,relocation
Should I buy less stuff or buy higher quality stuff? Please help me decide.,lifestyle
Not sure what to do. Should I unsubscribe from all marketing emails or just the ones I never read?,lifestyle
"Big decision ahead. My student loan payment is $2,000 per month. Should I refinance?",finance
I've been thinking a lot about this. Should I accept a job that requires me to move to Argentina?,relocation
Big decision ahead. I found my dream house but it's 50% over my budget. Should I stretch?,finance
Is getting an MBA worth it for someone looking to pivot from finance to design? Any advice?,career
Should I rent first when moving to a new city or buy immediately? What would you do?,relocation
Here's my situation. I have a family to support so I can't just quit. How do I career change responsibly?,career
Not sure what to do. My cholesterol is high. Should I change my diet or take statins?,health
Should I digitize all my photos or keep the physical albums? Please help me decide.,lifestyle
I love my partner but I'm not physically attracted to them anymore. Should I end it? Has anyone been through this?,relationship
Help! Should I buy less stuff or buy higher quality stuff?,lifestyle
Help! Should I go to a lower-ranked school with full funding or a top school with no aid?,education
We want completely different things in life. Should we break up now or hope things change? I really need some perspective.,relationship
Not sure what to do. Should I do a working holiday in Thailand while I'm still young?,relocation
Is collagen actually beneficial or a waste of money? Has anyone been through this?,health
Should I break up with someone who is perfect on paper but I don't feel excited about? Feeling so lost.,relationship
Really struggling with this. Should I buy less stuff or buy higher quality stuff?,lifestyle
I'm scared of pregnancy and childbirth. Should I reconsider having kids? Am I overthinking this?,family
Should I travel abroad for a medical procedure that's cheaper there? What would you do?,health
I have pets. How do I make an international move less traumatic for them? Any advice?,relocation
We're considering moving to Utah for the tax benefits. Is that a good enough reason? What would you do?,relocation
Not sure what to do. I've been offered a chance to move from sales to product management. Good move?,career
I was laid off last month and have been struggling to find something at the same level. Should I lower my expectations? What would you do?,career
My company wants me to open an office in New Zealand. Should I take the expat package? Has anyone been through this?,relocation
Really struggling with this. Should we have kids close together or space them out?,family
Should we let our kids have smartphones before high school? Feeling so lost.,family
Should I do the 30-day minimalism challenge where you get rid of one thing each day? Am I overthinking this?,lifestyle
Is it better to invest in ETFs or mutual funds? Please help me decide.,finance
I've been thinking a lot about this. My kid is being bullied. Should I call the school or teach them to handle it?,family
Should I get a fixer-upper and do the work myself or hire contractors? Has anyone been through this?,finance
I have a family to support so I can't just quit. How do I career change responsibly? Am I overthinking this?,career
Is moving to a country with a completely different culture a bad idea at 33? Am I overthinking this?,relocation
My kid wants a dog but I know I'll be the one taking care of it. Should we get one? I really need some perspective.,family
Should we give our kids an allowance or make them earn money through chores? What would you do?,family
Here's my situation. We got married young and I feel like I missed out. Is that normal?,relationship
I got my CPA certification but nobody will hire me without experience. Catch-22?,career
Not sure what to do. My manager just told me I'm on a dream performance plan. Should I start looking now?,career
"Really struggling with this. Should I move to a walkable city and sell my car, or keep the car and the suburbs?",relocation
Here's my situation. Should I try physical therapy first or go straight to surgery?,health
I want to stop procrastinating. Should I use the 2-minute rule or time blocking?,lifestyle
I want to start a marketing agency but everyone says most businesses fail. Should I even try?,career
"My dentist says I need extensive dental work but it costs $5,000. Is it really necessary? Am I overthinking this?",health
My financial advisor charges 15%. Is that reasonable or should I go fee-only? Any advice?,finance
I need advice. I'm scared of marriage because my parents divorced. How do I get past this?,relationship
Not sure what to do. Should we adopt an older child or wait for an infant?,family
I've been thinking a lot about this. Should we let our kids have smartphones before high school?,family
Should I go to grad school right after undergrad or work first? I really need some perspective.,education
Should I get genetic testing for OCD that runs in my family? I really need some perspective.,health
I need advice. My co-founder and I keep disagreeing on direction. Should we split up?,career
"Should I become a single parent by choice, or wait for a partner? Any advice?",family
Should I get a second-year mortgage or stretch it to {year2} years for lower payments? Has anyone been through this?,finance
My partner is a hoarder and I'm a minimalist. Can this relationship survive? Feeling so lost.,lifestyle
Should I move my elderly parent to live with me abroad or visit them frequently? Any advice?,relocation
I've been thinking a lot about this. My financial advisor charges 50%. Is that reasonable or should I go fee-only?,finance
I'm a freshman and already hate my major. Is it too late to switch?,education
Help! Should we split rent 50/50 or proportionally based on income?,relationship
"Not sure what to do. I'm 55 and went back to school, but I'm struggling to balance everything. Should I quit?",education
Should I keep my citizenship when moving abroad permanently? Any advice?,relocation
Big decision ahead. Should I practice a new language every day or take rest days?,lifestyle
Should I rent a place remotely or stay in temporary housing when I first arrive? Am I overthinking this?,relocation
Help! Should I meal prep every Sunday or cook fresh daily?,health
I've been thinking a lot about this. Is organic produce worth the extra cost?,health
Should I break up before the holidays or wait until after? Feeling so lost.,relationship
Here's my situation. Should I use habit stacking to build new routines?,lifestyle
I've been thinking a lot about this. My child is struggling socially. Should I arrange playdates or let them figure it out?,family
I need advice. Is getting a second master's degree in a different field a good idea?,education
Big decision ahead. Is getting a second master's degree in a different field a good idea?,education
Should I invest in individual stocks or stick with index funds? Any advice?,finance
We're thinking of retiring abroad in Portugal. Has anyone done this? Has anyone been through this?,relocation
I've been trying to conceive for 2 years. Should we consider fertility treatments? Has anyone been through this?,family
I need advice. Should I break up before the holidays or wait until after?,relationship
Really struggling with this. I'm overwhelmed by all my subscriptions. Should I cancel everything and resubscribe only to what I miss?,lifestyle
Not sure what to do. I need dialysis but my insurance won't cover it. Should I pay out of pocket?,health
We fight about chores constantly. Is this normal relationship stuff or are we incompatible? I really need some perspective.,relationship
Should I journal every morning or only when I feel like it? Has anyone been through this?,lifestyle
Big decision ahead. Should I break up before the holidays or wait until after?,relationship
Should I have a nighttime routine or just collapse into bed? Has anyone been through this?,lifestyle
My house is full of inherited furniture I don't like. Should I keep it for sentimental reasons? What would you do?,lifestyle
My parents want me to study Journalism but I'm passionate about Computer Science. How do I decide? Am I overthinking this?,education
I failed 3 classes last semester. Should I withdraw or try to recover? Feeling so lost.,education
Help! Should I break up before the holidays or wait until after?,relationship
I found my dream house but it's 50% over my budget. Should I stretch?,finance
Should I give up lean meats completely or allow occasional treats? Any advice?,health
Not sure what to do. I've been passed over for promotion 4 times now. Should I keep trying or leave?,career
Should I plan every hour of my day or leave room for spontaneity? What would you do?,lifestyle
I need advice. I need to choose between two treatment plans. How do I decide?,health
We're considering having our child skip a grade. Good idea or social suicide? I really need some perspective.,family
Here's my situation. We're thinking of retiring abroad in Costa Rica. Has anyone done this?,relocation
My manager just told me I'm on a prestigious performance plan. Should I start looking now? Feeling so lost.,career
Not sure what to do. I found out my partner has been lying about cleaning. Is this a dealbreaker?,relationship
I'm in my junior year and want to drop out. My parents will be devastated. What do I do? I really need some perspective.,education
My landlord offered to sell me the house I'm renting. Should I buy it? Any advice?,finance
Should I go to grad school right after undergrad or work first? Any advice?,education
I've been thinking a lot about this. My parents offered to help with the down payment but want a say in which house. Should I accept?,finance
Help! Should we have another child when our first was so difficult?,family
I have a family. Can I survive grad school while being a parent? Feeling so lost.,education
Big decision ahead. Should I get genetic testing for OCD that runs in my family?,health
I'm being transferred and need to sell my house in a down market. Should I rent it out instead? Any advice?,finance
I've been thinking a lot about this. Should I move my elderly parent to live with me abroad or visit them frequently?,relocation
I'm engaged but having second thoughts. Is this just cold feet or something more?,relationship
Big decision ahead. Should I invest in a taxable brokerage account before maxing retirement accounts?,finance
Not sure what to do. I was laid off last month and have been struggling to find something at the same level. Should I lower my expectations?,career
I've been thinking a lot about this. My co-founder and I keep disagreeing on direction. Should we split up?,career
Should I do a working holiday in Canada while I'm still young?,relocation
"I have $50,000 in credit card debt. Should I consolidate or use the avalanche method? What would you do?",finance
My friend wants me to be their roommate in Seoul. Should I take the plunge? Any advice?,relocation
My partner has terrible habits around cooking. How do I address this? Am I overthinking this?,relationship
Not sure what to do. I'm worried about passing on PTSD to my children. Should I have kids anyway?,family
I found a lump. Should I wait to see if it goes away or see a doctor immediately? I really need some perspective.,health
Not sure what to do. I failed 6 classes last semester. Should I withdraw or try to recover?,education
Should I get rid of books I've already read or keep them as a library?,lifestyle
I want a big wedding but my partner wants to elope. Can we compromise? Please help me decide.,relationship
Should I buy a house now with these high interest rates or wait until next year? I really need some perspective.,finance
Big decision ahead. My psychiatrist suggested ECT for my depression. Should I consider it?,health
"Really struggling with this. My dream company finally offered me a role, but it's in a different city. What should I do?",career
I need advice. My doctor says I'm pre-diabetic. Should I go on medication or try lifestyle changes first?,health
I've been a nurse for 4 years but my real passion is author. How do I make the switch? Feeling so lost.,career
I'm considering a PhD in research but it takes 2 years. Is it worth it? Am I overthinking this?,education
Not sure what to do. Is it better to invest in ETFs or mutual funds?,finance
Help! Is it better to make my bed every morning or does it not matter?,lifestyle
Should I get a second opinion on my diagnosis or trust my current doctor? I really need some perspective.,health
Really struggling with this. Should we let our kids have smartphones before high school?,family
I love my partner but I'm not physically attracted to them anymore. Should I end it? Any advice? My partner is studying abroad for 12 months. Can we survive the distance?,relationship
Should I sign a prenup? My partner is offended that I even brought it up. Please help me decide.,relationship
Should I participate in a clinical trial for my condition? Feeling so lost.,health
Help! My child was diagnosed with asthma. Should we tell them or wait?,family
I'm interested in cybersecurity but the job market looks terrible. Should I study it anyway? What would you do?,education
I'm considering a no-buy year. Has anyone done this successfully? I really need some perspective.,lifestyle
Is it better to invest in ETFs or mutual funds?,finance
My doctor recommended back surgery but I'm scared of the risks. What should I do?,health
Really struggling with this. Should I participate in a clinical trial for my condition? Should I take a mental health day from work or push through?,health
Should we start trying for a baby now or wait until we're more financially stable?,family
Big decision ahead. My financial advisor charges 75%. Is that reasonable or should I go fee-only?,finance
Help! Should I cut out salt or just eat it in moderation?,health
Big decision ahead. My doctor recommended back surgery but I'm scared of the risks. What should I do?,health
Help! Should I get vaccinated against flu even though I'm immigrant?,health
I love my partner but I'm not physically attracted to them anymore. Should I end it? Am I overthinking this?,relationship
Help! Should I rebalance my portfolio annually or only when it drifts significantly?,finance
Big decision ahead. I have a family to support so I can't just quit. How do I career change responsibly?,career
I have no idea what to major in. Should I take a gap year to figure it out? Has anyone been through this?,education
Here's my situation. Is it better to invest in ETFs or mutual funds?,finance
Should I journal every morning or only when I feel like it? What would you do?,lifestyle
Is it too late to become a writer at 22? What would you do?,career
Not sure what to do. Should I take an entry-level position in a new field or hold out for something senior?,career
I've been thinking a lot about this. Should I live with less space and more experiences?,lifestyle
Here's my situation. I'm in my fifth year and want to drop out. My parents will be devastated. What do I do?,education
Help! We're considering moving to Utah for the tax benefits. Is that a good enough reason?,relocation
I'm burned out from undergrad. Should I take time off before grad school? Please help me decide.,education
Not sure what to do. My employer offers tuition reimbursement for a master's. Should I do it part-time?,education
Should I digitize all my photos or keep the physical albums? Am I overthinking this?,lifestyle
I'm happier when my partner is away on trips. What does that say about us? Has anyone been through this?,relationship
I've been thinking a lot about this. Should I track every habit or just focus on the most important ones?,lifestyle
I'm addicted to buying things when I'm stressed. How do I break this habit? Any advice?,lifestyle
Should I let my child fail or protect them from every hardship? Please help me decide.,family
Here's my situation. Should I move to a smaller town where I can afford a house or stay in the city and rent?,relocation
Is it worth the paperwork nightmare to move to Germany for love? What would you do?,relocation
I'm considering a no-buy year. Has anyone done this successfully? Please help me decide.,lifestyle
Really struggling with this. Should we tell our families we're trying to conceive or keep it private?,family
I'm addicted to buying things when I'm stressed. How do I break this habit? I really need some perspective.,lifestyle
Big decision ahead. We can't agree on whether to have kids. Should we get married anyway?,relationship
Should I stop celebrating birthdays with gifts and just spend time together? What would you do?,lifestyle
I need advice. Should I buy a rental property instead of a home to live in?,finance
My job is fully remote. Where should I move to maximize my quality of life?,relocation
I have a business idea but I'm scared to quit my job. When is the right time to leap? Am I overthinking this?,career
Really struggling with this. Is getting an MBA worth it for someone looking to pivot from education to research?,career
I found a lump. Should I wait to see if it goes away or see a doctor immediately? Please help me decide.,health
I've been thinking a lot about this. I'm burned out from undergrad. Should I take time off before grad school?,education
Help! I'm considering a PhD in research but it takes 3 years. Is it worth it?,education
I'm in a PhD program and hate it. Should I drop out with a master's? I really need some perspective.,education
My partner is emotionally unavailable. Should I keep trying or accept they won't change? Any advice?,relationship
Should we combine finances after getting married or keep things separate? I really need some perspective.,relationship
Here's my situation. Should I have a nighttime routine or just collapse into bed?,lifestyle
I've been freelancing for a while. Should I go back to a full-time job or keep doing my own thing? Am I overthinking this?,career
I'm happier when my partner is away on trips. What does that say about us? What would you do?,relationship
Here's my situation. I've been a writer for 3 years but my real passion is coach. How do I make the switch?,career
Should I try an elimination diet to figure out my food sensitivities? Feeling so lost.,health
My neighborhood is changing and I don't feel safe anymore. Should I move? Has anyone been through this?,relocation
I'm good at {subject1} and {subject2}. Which should I pursue as a career? Please help me decide.,education
Here's my situation. My partner and I both got into different grad schools. How do we decide?,education
I'm not sure if I want to be in academia forever. Should I still pursue a PhD? Please help me decide.,education
I've been thinking a lot about this. My friend keeps giving me stock tips. Should I listen or stick to my plan?,finance
Should I learn the language before moving to Colombia or learn when I get there?,relocation
I want to run a marathon but I've never run more than a mile. Where do I start?,health
Not sure what to do. We moved in together and now we fight about cleaning all the time. Is this normal?,relationship
Really struggling with this. Should I count calories or focus on eating whole foods?,health
Really struggling with this. Should I buy a fixer-upper in a great neighborhood or a move-in ready home in an okay area?,finance
"I have $10,000 in savings earning nothing. Where should I put it? I really need some perspective.",finance
Not sure what to do. We're considering adopting a child with special needs. Are we ready?,family
Here's my situation. My doctor said I need to leave my physically demanding job. How do I transition to something else at 27?,career
My landlord offered to sell me the house I'm renting. Should I buy it? Feeling so lost.,finance
"Here's my situation. After getting laid off from tech, I'm considering healthcare. Anyone made this switch?",career
I'm addicted to buying things when I'm stressed. How do I break this habit? Has anyone been through this?,lifestyle
Help! Is it better to focus on one habit at a time or change multiple at once?,lifestyle
Not sure what to do. Should I have preventive surgery because of my family history?,health
Not sure what to do. Should I tell my child they're adopted or keep it a secret?,family
Should I bootstrap my startup or take investor money and give up equity? Am I overthinking this?,career
"I've been thinking a lot about this. Does your major actually matter for your career, or is the degree enough?",education
Help! My job is fully remote. Where should I move to maximize my quality of life?,relocation
I need advice. Should I hire a personal trainer or figure out workouts on my own? Is CrossFit too intense for a beginner at 48?,health
My partner is from Colombia and wants to move back home. Should I go?,relocation
Really struggling with this. Is the Pomodoro technique actually effective or just trendy?,lifestyle
Should I practice a new language every day or take rest days? Am I overthinking this?,lifestyle
Not sure what to do. My children don't want to move abroad. Should I make them anyway?,relocation
We're married but living like roommates. Is this fixable? Has anyone been through this?,relationship
My child was diagnosed with arthritis. Should we tell them or wait? Please help me decide.,family
Here's my situation. I've been offered a transfer to our New York office. Should I uproot my family and move?,relocation
I need advice. Should I force my kid to eat foods they hate or let them have preferences?,family
Not sure what to do. Is it better to rent and invest the difference or buy a home?,finance
Here's my situation. Should I take out a personal loan to pay off my higher-interest credit cards?,finance
Is an MBA worth it at 40 with 12 years of experience? Please help me decide.,education
Should we get a new place together or move into one of our existing apartments? Has anyone been through this?,relationship
Big decision ahead. Should we combine finances after getting married or keep things separate?,relationship
Help! I'm being offered a remote position with 20% travel. Is that a good deal?,career
Really struggling with this. Should we get genetic testing before trying to conceive?,family
I need advice. We're considering moving to Washington for the tax benefits. Is that a good enough reason?,relocation
Big decision ahead. The new job pays 15% more but requires 60 more hours per week. Worth it?,career
I've been thinking a lot about this. I'm engaged but having second thoughts. Is this just cold feet or something more?,relationship
Here's my situation. Is organic produce worth the extra cost?,health
Is it worth moving to a more expensive city for better career opportunities? Feeling so lost.,relocation
Help! Should we use a sperm donor or keep trying with my partner's sperm?,family
Really struggling with this. I have no hobbies and feel boring. How do I find something I'm passionate about?,lifestyle
I've been thinking a lot about this. Should I get a fixer-upper and do the work myself or hire contractors?,finance
Should I use my entire savings for a down payment or keep an emergency fund? Has anyone been through this?,finance
My company is relocating to Singapore and I have to decide by next month. What should I consider? What would you do?,relocation
I want to stop procrastinating. Should I use the 2-minute rule or time blocking? Am I overthinking this?,lifestyle
We're considering IVF but it's so expensive. Is it worth the financial strain? Has anyone been through this?,family
I want to go to law school but the legal job market is brutal. Should I reconsider? Any advice?,education
Should I travel abroad for a medical procedure that's cheaper there? Am I overthinking this?,health
Should I invest in individual stocks or stick with index funds? Am I overthinking this?,finance
My doctor says I'm pre-diabetic. Should I go on medication or try lifestyle changes first? What would you do?,health
Should I unsubscribe from all marketing emails or just the ones I never read? Please help me decide.,lifestyle
Should I accept a promotion that means relocating to a city I don't like? Please help me decide.,career
"Here's my situation. My side hustle is making $5,000 per month. Should I go full-time?",career
Should I practice playing piano every day or take rest days? Please help me decide.,lifestyle
Should we split rent 50/50 or proportionally based on income? What would you do? Should I lower my standards or am I just not meeting the right people?,relationship
Should I take a small pay cut to work at a company I'm actually passionate about? I really need some perspective.,career
Thinking about pivoting from corporate life to creative work. Anyone done this? What would you do?,career
Should we have another child when our first was so difficult? I really need some perspective.,family
I've been thinking a lot about this. I'm overwhelmed by all my subscriptions. Should I cancel everything and resubscribe only to what I miss?,lifestyle
Should we celebrate every achievement or save praise for big things? I really need some perspective.,family
We're considering adopting a child with special needs. Are we ready? What would you do?,family
I found out my partner has been lying about cleaning. Is this a dealbreaker? I really need some perspective.,relationship
Not sure what to do. I still love my ex but I'm with someone new. Should I reach out?,relationship
"Really struggling with this. Is it worth waking up early on weekends too, or should I sleep in?",lifestyle
Really struggling with this. Should we start trying for a baby now or wait until we're more financially stable?,family
I want a big wedding but my partner wants to elope. Can we compromise? I really need some perspective.,relationship
I need advice. Should I propose even though I can't afford an expensive ring right now?,relationship
Here's my situation. My partner of 7 years cheated. Can trust ever be rebuilt?,relationship
Here's my situation. I want to build a meditation habit. Should I start with 5 minutes or 20?,lifestyle
Big decision ahead. Should I focus on cardio or strength training for weight loss?,health
"I have $15,000 in credit card debt. Should I consolidate or use the avalanche method? Please help me decide.",finance
Should I keep a storage unit in my home country or get rid of everything? Am I overthinking this?,relocation
Should I use my entire savings for a down payment or keep an emergency fund? What would you do?,finance
Here's my situation. Is it better to rent and invest the difference or buy a home?,finance
Is med school worth the debt and stress if I'm not 5% sure I want to be a doctor? I really need some perspective.,education
I inherited a house that needs major repairs. Should I fix it up or sell as-is? Please help me decide.,finance
Big decision ahead. Should we have another child when our first was so difficult?,family
Should I break up with someone who is perfect on paper but I don't feel excited about? Please help me decide.,relationship
I've been thinking a lot about this. Should I rent a place remotely or stay in temporary housing when I first arrive?,relocation
I've been thinking a lot about this. Should I buy in the city where I work or the suburbs where I can afford more?,finance
I'm good at {subject1} and {subject2}. Which should I pursue as a career? Am I overthinking this?,education
I'm scared of pregnancy and childbirth. Should I reconsider having kids?,family
My nutritionist says I should eat more whole grains. Should I follow their plan exactly? I really need some perspective.,health
Should I invest in Portugal emerging markets or stick to domestic? Please help me decide.,finance
My doctor says I need to lose 40 pounds for health reasons. Where do I start? What would you do?,health
Is med school worth the debt and stress if I'm not 5% sure I want to be a doctor? Am I overthinking this?,education
I've been thinking a lot about this. I have an opportunity to lead a team for the first time but I'm terrified I'll fail. Should I go for it?,career
I have chronic pain and doctors can't find the cause. Should I keep searching? What would you do?,health
I need advice. Thinking about pivoting from corporate life to creative work. Anyone done this?,career
Should I unsubscribe from all marketing emails or just the ones I never read?,lifestyle
Really struggling with this. My parents offered to help with the down payment but want a say in which house. Should I accept?,finance
Should I journal every morning or only when I feel like it?,lifestyle
I need advice. I have no hobbies and feel boring. How do I find something I'm passionate about?,lifestyle
Really struggling with this. My child wants to go to a party where I know there will be drinking. Should I let them?,family
Should I propose even though I can't afford an expensive ring right now?,relationship
Really struggling with this. The company I work for is clearly struggling. Should I jump ship before things get worse?,career
Should I go to a lower-ranked school with full funding or a top school with no aid? I really need some perspective.,education
Is getting an MBA worth it for someone looking to pivot from legal to research? Am I overthinking this?,career
Is organic produce worth the extra cost?,health
Help! Should I get genetic testing for hypertension that runs in my family?,health
I need advice. Is meal replacement shakes a good option for busy days? Should I get regular health screenings even though I feel fine?,health
"Here's my situation. Should I go back to school to make a career change, or can I self-teach my way in?",career
I'm a freshman and already hate my major. Is it too late to switch? Has anyone been through this?,education
Should I move back to my hometown or stay in the city where I built my life?,relocation
I'm considering moving to Seoul sight unseen for a remote job. Bad idea? Any advice?,relocation
I want to read more books this year. Should I set a number goal or just read daily? Feeling so lost.,lifestyle
Here's my situation. My children don't want to move abroad. Should I make them anyway? Should I move to a place with better childcare options even if the job market is worse?,relocation
My partner wants to move in together after 6 months. Too soon? I really need some perspective.,relationship
Not sure what to do. My partner is from France and wants to move back home. Should I go?,relocation
My PhD advisor is leaving the university. Should I follow them or find a new advisor?,education
Should I prioritize my child's happiness or their future success? What would you do?,family
Not sure what to do. Should I minor in something completely different from my major?,education
My manager just told me I'm on a unique performance plan. Should I start looking now? Please help me decide.,career
I got into my dream school for the wrong major. Should I go anyway? Any advice?,education
Not sure what to do. I want to build a meditation habit. Should I start with 5 minutes or 20?,lifestyle
Not sure what to do. Should I study what I'm good at or what challenges me?,education
Really struggling with this. Is organic produce worth the extra cost?,health
"Really struggling with this. Should I move in with my partner to save money, or is that a terrible reason?",relationship
My industry is dying and I need to reskill. What's the fastest path to something stable? Feeling so lost.,career
My partner wants 2 kids and I want {num2}. How do we compromise? Has anyone been through this?,family
Is  turmeric actually beneficial or a waste of money?,health
Is it better to rent and invest the difference or buy a home? I really need some perspective.,finance
I need advice. Should I combine my Philosophy major with a Accounting minor for better job prospects?,education
Should I hire a personal trainer or figure out workouts on my own? Am I overthinking this?,health
Not sure what to do. I have no idea what to major in. Should I take a gap year to figure it out?,education
Should I move my elderly parent to live with me abroad or visit them frequently?,relocation
I've been thinking a lot about this. My company wants me to open an office in Argentina. Should I take the expat package?,relocation
I've always wanted kids but my partner changed their mind. Now what? What would you do?,family
Should I reward myself for hitting habit milestones or rely on intrinsic motivation? Feeling so lost.,lifestyle
Here's my situation. Should I keep my citizenship when moving abroad permanently?,relocation
I'm tired of winter and want to move somewhere warm. Am I being impulsive? Please help me decide.,relocation
"Not sure what to do. My partner wants me to cut off my best friend. That's controlling, right?",relationship
I need advice. My partner wants to buy and I want to rent. How do we decide?,finance
"Big decision ahead. My partner wants me to cut off my best friend. That's controlling, right?",relationship
Is it worth the paperwork nightmare to move to Vietnam for love?,relocation
Should I minimize my kitchen gadgets or keep the ones I use once a year? Please help me decide.,lifestyle
Help! Should I take a significant pay cut to work at a company I'm actually passionate about?,career
Not sure what to do. Should I buy a rental property instead of a home to live in?,finance
"Should I move to a place I've vacationed, or is that different from living there? Am I overthinking this?",relocation
I've been at my job for 15 years and feel completely stuck. Is it time to move on? Has anyone been through this?,career
I've been thinking a lot about this. Should I rent first when moving to a new city or buy immediately?,relocation
I still love my ex but I'm with someone new. Should I reach out? Any advice?,relationship
Should we use a sperm donor or keep trying with my partner's sperm?,family
Here's my situation. Should I pursue a terminal master's or go straight for the doctorate?,education
"My dentist says I need extensive dental work but it costs $5,000. Is it really necessary? I really need some perspective.",health
Here's my situation. Should I propose even though I can't afford an expensive ring right now?,relationship
I need advice. Should I rebalance my portfolio annually or only when it drifts significantly?,finance
Here's my situation. We're fighting about screen time limits. What's reasonable for a 48-year-old?,family
Help! Is it better to have a strict morning routine or go with the flow?,lifestyle
Is it too late to become a UX designer at 22? Any advice?,career
Should I track my macros or just eat intuitively? What would you do?,health
My partner proposed but I'm not sure I'm ready for marriage. How do I know? I really need some perspective.,relationship
Not sure what to do. Should we move before having kids or wait until after?,relocation
We want completely different things in life. Should we break up now or hope things change? Feeling so lost.,relationship
I've been thinking a lot about this. Should I practice coding every day or take rest days?,lifestyle
Big decision ahead. I'm 25 and haven't started investing for retirement. Am I too late?,finance
We're thinking of retiring abroad in South Korea. Has anyone done this? Any advice?,relocation
College is destroying my mental health. Should I prioritize my wellbeing or push through? Has anyone been through this?,education
Here's my situation. My child wants to go to a party where I know there will be drinking. Should I let them?,family
I keep thinking about my ex from years ago. Should I contact them or let it go? Please help me decide.,relationship
Here's my situation. I'm a freshman and already hate my major. Is it too late to switch?,education
We fight about dishes constantly. Is this normal relationship stuff or are we incompatible? Feeling so lost.,relationship
I have no idea what to major in. Should I take a gap year to figure it out? Feeling so lost.,education
Here's my situation. We're considering IVF but it's so expensive. Is it worth the financial strain?,family
Really struggling with this. Should I drink green tea every day for the health benefits?,health
I keep checking my investment app 5 times a day. Is this unhealthy? Please help me decide.,finance
Not sure what to do. Should I focus on cardio or strength training for weight loss?,health
Here's my situation. I want to simplify my wardrobe to a capsule collection. Where do I start?,lifestyle
Not sure what to do. Is it worth moving to a more expensive city for better career opportunities?,relocation
I want to move from individual contributor to management. Should I tell my boss?,career
I have a family to support so I can't just quit. How do I career change responsibly? Has anyone been through this?,career
Not sure what to do. Should we adopt domestically or internationally?,family
My doctor says I'm pre-diabetic. Should I go on medication or try lifestyle changes first? I really need some perspective.,health
Not sure what to do. My neighborhood is changing and I don't feel safe anymore. Should I move?,relocation
My financial advisor charges 10%. Is that reasonable or should I go fee-only? Am I overthinking this?,finance
"Help! I have $15,000 in credit card debt. Should I consolidate or use the avalanche method?",finance
Is a master's from an online university respected in journalism? I really need some perspective.,education
Here's my situation. My friend swears by flexitarian but my doctor is skeptical. Who do I listen to?,health
Here's my situation. My kid wants a dog but I know I'll be the one taking care of it. Should we get one?,family
My partner has terrible habits around organization. How do I address this? I really need some perspective.,relationship
Should I digitize all my photos or keep the physical albums? What would you do?,lifestyle
Should I go paperless with all my documents or keep physical copies? Please help me decide.,lifestyle
I want to start a freelance business but everyone says most businesses fail. Should I even try? Any advice?,career
Big decision ahead. Should I be a stay-at-home parent or keep my career?,family
Should I use habit stacking to build new routines? Am I overthinking this?,lifestyle
I want to read more books this year. Should I set a number goal or just read daily? Please help me decide.,lifestyle
Should we move before having kids or wait until after? Please help me decide.,relocation
Here's my situation. Should I ship my furniture overseas or sell everything and start fresh?,relocation
Big decision ahead. My nutritionist says I should eat more healthy fats. Should I follow their plan exactly?,health
"Should I move to a place I've vacationed, or is that different from living there?",relocation
Help! My parents offered to help with the down payment but want a say in which house. Should I accept?,finance
Should I stop celebrating birthdays with gifts and just spend time together? Am I overthinking this?,lifestyle
I've been thinking a lot about this. Is a master's from an online university respected in consulting?,education
Here's my situation. My company wants me to open an office in Portugal. Should I take the expat package?,relocation
Here's my situation. My partner is emotionally unavailable. Should I keep trying or accept they won't change?,relationship
Big decision ahead. Should I live with less space and more experiences?,lifestyle
Not sure what to do. Should I meal prep every Sunday or cook fresh daily?,health
I love my partner but I'm not physically attracted to them anymore. Should I end it? Please help me decide.,relationship
I've been thinking a lot about this. Should I hire an international moving company or do it myself?,relocation
Really struggling with this. Should we become foster parents even if we don't plan to adopt?,family
Should I stop celebrating birthdays with gifts and just spend time together? I really need some perspective.,lifestyle
We're married but living like roommates. Is this fixable? I really need some perspective.,relationship
Should I get a professional certification instead of a full graduate degree? Feeling so lost.,education
I've been thinking a lot about this. I'm happier when my partner is away on trips. What does that say about us?,relationship
"I need advice. Does your major actually matter for your career, or is the degree enough?",education
Should I double major or focus on one thing and do it well? Has anyone been through this?,education
Help! Should I put all my money in at once or dollar-cost average?,finance
Should I track my macros or just eat intuitively? Am I overthinking this?,health
Should I give up whole grains completely or allow occasional treats? Please help me decide.,health
Big decision ahead. A recruiter reached out about a role that sounds perfect but requires a writing certification I don't have. Should I invest in it?,career
Should I end a 1-year relationship if the sex life has completely died?,relationship
"I need advice. After 3 years in education, I realized I hate it. How do I start over?",career
I want to quit social media completely and live a more minimalist digital life.,lifestyle
Really struggling with this. Should I hire an international moving company or do it myself?,relocation
My partner proposed but I'm not sure I'm ready for marriage. How do I know? Has anyone been through this?,relationship
Here's my situation. I found my dream house but it's 30% over my budget. Should I stretch?,finance
I need advice. My partner is emotionally unavailable. Should I keep trying or accept they won't change?,relationship
I need advice. Should I break up with someone who is perfect on paper but I don't feel excited about?,relationship
Should I minimize my kitchen gadgets or keep the ones I use once a year? Has anyone been through this?,lifestyle
I found messages between my partner and their coworker. Should I confront them? Please help me decide.,relationship
We agreed to try an open relationship and now I'm miserable. Should I end it? Feeling so lost.,relationship
Should I buy a rental property instead of a home to live in? Any advice?,finance
My partner is a hoarder and I'm a minimalist. Can this relationship survive? Am I overthinking this?,lifestyle
Here's my situation. Should I put down 25% to avoid PMI or keep that money invested?,finance
Really struggling with this. I got recruited by a competitor with a much better package. Should I tell my boss?,career
Should I plan every hour of my day or leave room for spontaneity? Has anyone been through this?,lifestyle
Should I have preventive surgery because of my family history? Should I get an emotional support animal or a service dog?,health
I've been thinking a lot about this. I'm stuck between majoring in Communications and Engineering. Which has better long-term prospects?,education
"Does your major actually matter for your career, or is the degree enough? Has anyone been through this?",education
My partner is a hoarder and I'm a minimalist. Can this relationship survive? Has anyone been through this?,lifestyle
Should I rent first when moving to a new city or buy immediately? Has anyone been through this?,relocation
I've been thinking a lot about this. We can't agree on whether to have kids. Should we get married anyway?,relationship
"Big decision ahead. After 7 years in project management, I realized I hate it. How do I start over?",career
Big decision ahead. I want to learn to play drums. Should I take lessons or use apps?,lifestyle
I need advice. My doctor says I need to lose 30 pounds for health reasons. Where do I start?,health
Help! I'm worried about passing on autism to my children. Should I have kids anyway?,family
Should I break up with someone who is perfect on paper but I don't feel excited about? Am I overthinking this?,relationship
I've been thinking a lot about this. Is getting a second master's degree in a different field a good idea?,education
Really struggling with this. Is meal replacement shakes a good option for busy days?,health
My partner proposed but I'm not sure I'm ready for marriage. How do I know? What would you do?,relationship
Should I go paperless with all my documents or keep physical copies? Am I overthinking this?,lifestyle
I need advice. We want completely different things in life. Should we break up now or hope things change?,relationship
Really struggling with this. I'm burned out from undergrad. Should I take time off before grad school?,education
I need advice. Is Art actually a good degree or should I pick something more practical?,education
Here's my situation. I'm scared of pregnancy and childbirth. Should I reconsider having kids?,family
I'm stuck between majoring in Philosophy and Pre-Med. Which has better long-term prospects?,education
Here's my situation. Should I max out my 401k or pay off my student loans first?,finance
Should we adopt domestically or internationally? What would you do?,family
College is destroying my mental health. Should I prioritize my wellbeing or push through? What would you do?,education
I've been thinking a lot about this. I've been coding on the side and want to become a developer. Should I quit my my office job?,career
Not sure what to do. Should I try {cuisine} cuisine for its supposed longevity benefits?,health
Here's my situation. Is it worth the paperwork nightmare to move to South Korea for love?,relocation
Should I live with less space and more experiences? Feeling so lost.,lifestyle
"Is international school worth the cost, or should I put my kids in local schools? Am I overthinking this?",relocation
I'm stuck between majoring in English and Nursing. Which has better long-term prospects? Feeling so lost.,education
Should I stay with someone whose family hates me? I really need some perspective.,relationship
Help! My student loan payment is $500 per month. Should I refinance?,finance
I'm being transferred and need to sell my house in a down market. Should I rent it out instead? Feeling so lost.,finance
I need advice. Should I live with less space and more experiences?,lifestyle
My partner wants to move in together after 3 months. Too soon? Feeling so lost.,relationship
My job is fully remote. Where should I move to maximize my quality of life? Has anyone been through this?,relocation
I need advice. My psychiatrist suggested ECT for my depression. Should I consider it?,health
Big decision ahead. Is it better to have a strict morning routine or go with the flow?,lifestyle
I still love my ex but I'm with someone new. Should I reach out? What would you do?,relationship
Help! Should I track my macros or just eat intuitively?,health
"Should I go back to school to make a career change, or can I self-teach my way in? Has anyone been through this?",career
I need advice. Should I get a fifth-year mortgage or stretch it to {year2} years for lower payments?,finance
Really struggling with this. I have a family. Can I survive grad school while being a parent?,education
My child has a learning disability. Should we mainstream them or find a specialized school? Feeling so lost.,family
We're considering moving to Utah for the tax benefits. Is that a good enough reason? Am I overthinking this?,relocation
Should I minimize my kitchen gadgets or keep the ones I use once a year? Feeling so lost.,lifestyle
Help! My financial advisor charges 5%. Is that reasonable or should I go fee-only?,finance
Should I do a thesis-based or course-based master's program? Any advice?,education
Not sure what to do. Should I plan my week on Sunday night or Monday morning?,lifestyle
I want to go to law school but the legal job market is brutal. Should I reconsider? What would you do?,education
Help! Should I take out a personal loan to pay off my higher-interest credit cards?,finance
Big decision ahead. Is Psychology actually a good degree or should I pick something more practical?,education
I keep thinking about my ex from years ago. Should I contact them or let it go? What would you do?,relationship
Is a master's from an online university respected in education? Any advice?,education
Should I combine my Theater major with a Pre-Med minor for better job prospects? What would you do?,education
I'm a freshman and already hate my major. Is it too late to switch? What would you do? Is med school worth the debt and stress if I'm not 10% sure I want to be a doctor?,education
We've been together for 10 years and they still won't commit. Should I wait or leave? Has anyone been through this?,relationship
Big decision ahead. Should I buy a fixer-upper in a great neighborhood or a move-in ready home in an okay area?,finance
Big decision ahead. Should we celebrate every achievement or save praise for big things? Should we create a will now or wait until the kids are older?,family
Is the Pomodoro technique actually effective or just trendy? Has anyone been through this?,lifestyle
Big decision ahead. Should I buy a new construction home or something with character that's older?,finance
I need advice. My friend swears by low-FODMAP but my doctor is skeptical. Who do I listen to?,health
I've been thinking a lot about this. Is it minimalist to have a well-stocked pantry or should I shop more frequently?,lifestyle
"I have $1,000 in savings earning nothing. Where should I put it? Am I overthinking this?",finance
Is it better to focus on one habit at a time or change multiple at once?,lifestyle
I need advice. We're considering having our child skip a grade. Good idea or social suicide?,family
Really struggling with this. My doctor says I need to reduce sodium. Should I cut it completely?,health
Here's my situation. Should I track every habit or just focus on the most important ones?,lifestyle
Should we have another child when our first was so difficult? What would you do?,family
I'm overwhelmed by all my subscriptions. Should I cancel everything and resubscribe only to what I miss? Please help me decide.,lifestyle
Should I have a nighttime routine or just collapse into bed? Feeling so lost.,lifestyle
Here's my situation. Should we adopt an older child or wait for an infant?,family
Really struggling with this. Should we adopt domestically or internationally?,family
We're considering IVF but it's so expensive. Is it worth the financial strain? Feeling so lost.,family
Should I buy a rental property instead of a home to live in? What would you do?,finance
Big decision ahead. The company I work for is clearly struggling. Should I jump ship before things get worse?,career
I've been thinking a lot about this. I've been at my job for 10 years and feel completely stuck. Is it time to move on?,career
Help! Should I travel abroad for a medical procedure that's cheaper there?,health
Should we get a new place together or move into one of our existing apartments? What would you do?,relationship
Should we start trying for a baby now or wait until we're more financially stable? Feeling so lost.,family
Really struggling with this. I need to choose between two treatment plans. How do I decide?,health
Should I plan my week on Sunday night or Monday morning? Any advice?,lifestyle
Really struggling with this. Should we adopt an older child or wait for an infant?,family
Should I take out a personal loan to pay off my higher-interest credit cards? Please help me decide.,finance
I'm considering a PhD in public relations but it takes 6 years. Is it worth it? Please help me decide.,education
I need advice. Should I learn the language before moving to Italy or learn when I get there?,relocation
My partner is from Japan and wants to move back home. Should I go? Please help me decide.,relocation
I want to go to law school but the legal job market is brutal. Should I reconsider?,education
My neighborhood is changing and I don't feel safe anymore. Should I move? Am I overthinking this?,relocation
Here's my situation. I've been passed over for promotion 2 times now. Should I keep trying or leave?,career
Not sure what to do. My friend keeps giving me stock tips. Should I listen or stick to my plan?,finance
"Not sure what to do. Should I become a single parent by choice, or wait for a partner?",family
My job is fully remote. Where should I move to maximize my quality of life? Please help me decide.,relocation
Should I travel abroad for a medical procedure that's cheaper there?,health
My child has a learning disability. Should we mainstream them or find a specialized school? Any advice?,family
"I got into a top graduate program but have to take on $25,000 in loans. Should I go? I really need some perspective.",education
Really struggling with this. Should I accept a promotion that means managing people?,career
Should I practice writing every day or take rest days? What would you do?,lifestyle
Not sure what to do. Should I move to a smaller town where I can afford a house or stay in the city and rent?,relocation
I found messages between my partner and their coworker. Should I confront them? Has anyone been through this?,relationship
Should I track every habit or just focus on the most important ones? Please help me decide.,lifestyle
A recruiter reached out about a role that sounds perfect but requires a cooking certification I don't have. Should I invest in it? Has anyone been through this?,career
Should we get genetic testing before trying to conceive? Please help me decide.,family
Help! Should I sign a prenup? My partner is offended that I even brought it up.,relationship
I'm in a PhD program and hate it. Should I drop out with a master's? What would you do?,education
Help! I have a business idea but I'm scared to quit my job. When is the right time to leap?,career
Here's my situation. I'm pregnant and not sure I want to keep it. How do I make this decision?,family
I've been thinking a lot about this. Should we get a new place together or move into one of our existing apartments?,relationship
Not sure what to do. Should I invest in a taxable brokerage account before maxing retirement accounts?,finance
Not sure what to do. I'm not sure if I want to be in academia forever. Should I still pursue a PhD?,education
I need advice. Should I track my macros or just eat intuitively?,health
I've been thinking a lot about this. My partner got into grad school in Mumbai. Should I move with them or try long distance?,relocation
My advisor says I should add a statistics minor to any major I choose. Good advice?,education
Should I read my teen's diary if I'm worried about their mental health? Feeling so lost.,family
Should I keep my business as a side gig or commit to it fully? What would you do?,career
Help! I got into my dream school for the wrong major. Should I go anyway?,education
I failed 2 classes last semester. Should I withdraw or try to recover? What would you do?,education
Should we make our kids go to church even though we're not religious? I really need some perspective.,family
Help! Is moving to a country with a completely different culture a bad idea at 30?,relocation
Should I tell my child they're adopted or keep it a secret? Am I overthinking this?,family
Not sure what to do. I have an opportunity to lead a team for the first time but I'm terrified I'll fail. Should I go for it?,career
"I've been thinking a lot about this. Should I go back to school to make a career change, or can I self-teach my way in?",career
I've been thinking a lot about this. My company is relocating to Amsterdam and I have to decide by next month. What should I consider?,relocation
My partner and I both got into different grad schools. How do we decide? Has anyone been through this?,education
Really struggling with this. My partner never apologizes. Is this a personality trait or a red flag?,relationship
Should I go to grad school locally or move across the country for a better program? I really need some perspective.,education
We've been together for 5 years and they still won't commit. Should I wait or leave?,relationship
My job is fully remote. Where should I move to maximize my quality of life? Any advice?,relocation
I've been thinking a lot about this. Should I use a paper planner or a digital system?,lifestyle
I have two offers on the table — one from a struggling startup and one from a bureaucratic corporation. How do I choose? Has anyone been through this?,career
Not sure what to do. I was diagnosed with epilepsy. Should I tell my employer?,health
I've been thinking a lot about this. I got recruited by a competitor with a much better package. Should I tell my boss?,career
Here's my situation. Should I move back to my home country after living abroad for 3 years?,relocation
My child was diagnosed with fibromyalgia. Should we tell them or wait? Feeling so lost.,family
"Is it worth waking up early on weekends too, or should I sleep in?",lifestyle
Is an MBA worth it at 25 with 8 years of experience? Has anyone been through this?,education
My child has a learning disability. Should we mainstream them or find a specialized school? Please help me decide.,family
Not sure what to do. Should I try an elimination diet to figure out my food sensitivities?,health
Should I be a stay-at-home parent or keep my career? Feeling so lost.,family
Should I have preventive surgery because of my family history? I really need some perspective.,health
I've been thinking a lot about this. I keep failing at my New Year's resolutions. Should I stop making them?,lifestyle
"My student loan payment is $200,000 per month. Should I refinance? Any advice?",finance
The new job pays 15% more but requires 25 more hours per week. Worth it? I really need some perspective.,career
"I found the perfect engagement ring but it's $10,000. Is that too much? Any advice?",relationship
Should we adopt domestically or internationally?,family
I've been thinking a lot about this. Should I get a first-year mortgage or stretch it to {year2} years for lower payments?,finance
"Not sure what to do. Should I move to a walkable city and sell my car, or keep the car and the suburbs?",relocation
We're fighting about screen time limits. What's reasonable for a 42-year-old? Am I overthinking this?,family
Big decision ahead. I want to simplify my wardrobe to a capsule collection. Where do I start?,lifestyle
We're considering moving to Idaho for the tax benefits. Is that a good enough reason? I really need some perspective.,relocation
Should I unsubscribe from all marketing emails or just the ones I never read? I really need some perspective.,lifestyle
Big decision ahead. Should I unsubscribe from all marketing emails or just the ones I never read?,lifestyle
I have a business idea but I'm scared to quit my job. When is the right time to leap?,career
Should I do a working holiday in Canada while I'm still young? Has anyone been through this?,relocation
"I need advice. My dentist says I need extensive dental work but it costs $5,000. Is it really necessary?",health
"Big decision ahead. I'm only staying because I'm afraid of being alone. That's not a good reason, right?",relationship
I need advice. Should I unsubscribe from all marketing emails or just the ones I never read?,lifestyle
Is it better to have a strict morning routine or go with the flow? Feeling so lost.,lifestyle
Should we combine finances after getting married or keep things separate? What would you do?,relationship
Really struggling with this. Should I get a second opinion on my diagnosis or trust my current doctor?,health
I want to move from individual contributor to management. Should I tell my boss? Has anyone been through this?,career
I want to go to law school but the legal job market is brutal. Should I reconsider? Please help me decide.,education
Should I try an elimination diet to figure out my food sensitivities? Should I count calories or focus on eating whole foods?,health
Should we tell our families we're trying to conceive or keep it private? Has anyone been through this?,family
Help! Should I max out my 401k or pay off my student loans first?,finance
Is intermittent fasting safe for someone with my health conditions? Any advice?,health
Should we adopt an older child or wait for an infant? Feeling so lost.,family
Help! Should I put down 30% to avoid PMI or keep that money invested?,finance
Really struggling with this. Should I invest in a taxable brokerage account before maxing retirement accounts?,finance
I've been thinking a lot about this. College is destroying my mental health. Should I prioritize my wellbeing or push through?,education
Should we adopt an older child or wait for an infant? Any advice?,family
My teen wants to drop out of sports. Should I make them stick with it? What would you do?,family
Not sure what to do. I'm 27 and thinking about completely changing careers from education to entrepreneurship. Am I crazy?,career
Not sure what to do. I'm addicted to buying things when I'm stressed. How do I break this habit?,lifestyle
My partner of 5 years cheated. Can trust ever be rebuilt? What would you do?,relationship
Should I pick up playing piano again after 7 years or try something completely new? Any advice?,lifestyle
Really struggling with this. Should I try physical therapy first or go straight to surgery?,health
Not sure what to do. I'm in a PhD program and hate it. Should I drop out with a master's?,education
We want to move to a better school district but can't afford the houses there. Options? Please help me decide.,relocation
The company I work for is clearly struggling. Should I jump ship before things get worse? Feeling so lost.,career
I need advice. I'm considering a PhD in architecture but it takes 8 years. Is it worth it?,education
Big decision ahead. My partner wants 10 kids and I want {num2}. How do we compromise?,family
Should I meal prep every Sunday or cook fresh daily? Feeling so lost.,health
"I'm only staying because I'm afraid of being alone. That's not a good reason, right? Has anyone been through this?",relationship
Not sure what to do. I got recruited by a competitor with a much better package. Should I tell my boss?,career
Should I have preventive surgery because of my family history? Has anyone been through this?,health
I'm tired of winter and want to move somewhere warm. Am I being impulsive? Am I overthinking this?,relocation
Not sure what to do. We agreed to try an open relationship and now I'm miserable. Should I end it?,relationship
The new job pays 50% more but requires 30 more hours per week. Worth it?,career
I got accepted to a liberal arts school for Journalism and a community college for Accounting. Which should I choose? I really need some perspective.,education
I'm engaged but having second thoughts. Is this just cold feet or something more? Feeling so lost.,relationship
We got married young and I feel like I missed out. Is that normal? Feeling so lost.,relationship
Should I track my macros or just eat intuitively? I really need some perspective.,health
Should I practice photography every day or take rest days? Any advice?,lifestyle
Here's my situation. Is an MBA worth it at 22 with 20 years of experience?,education
I've been offered a chance to move from sales to product management. Good move? I really need some perspective.,career
Not sure what to do. My partner never apologizes. Is this a personality trait or a red flag?,relationship
I need advice. My partner said they want to 'take a break.' What does that even mean? We've been living together for a year and they still haven't said 'I love you.',relationship
My friend keeps giving me stock tips. Should I listen or stick to my plan? Am I overthinking this?,finance
Not sure what to do. Should I cut out alcohol or just eat it in moderation?,health
We're thinking of moving from San Francisco to Phoenix for a lower cost of living. Worth it? Feeling so lost.,relocation
Not sure what to do. Should I prioritize my child's happiness or their future success?,family
Here's my situation. Should I practice painting every day or take rest days?,lifestyle
Really struggling with this. I want to start investing but the market feels really high right now. Should I wait?,finance
I want to simplify my wardrobe to a capsule collection. Where do I start? I really need some perspective.,lifestyle
Here's my situation. Should I rent first when moving to a new city or buy immediately?,relocation
I need advice. I need radiation therapy but my insurance won't cover it. Should I pay out of pocket?,health
My friends are all having kids and I'm feeling left behind. Should that influence my decision? Feeling so lost.,family
I found messages between my partner and their coworker. Should I confront them? Feeling so lost.,relationship
Should I tell my child they're adopted or keep it a secret? Has anyone been through this?,family
I'm a freshman and already hate my major. Is it too late to switch? Please help me decide.,education
"Is international school worth the cost, or should I put my kids in local schools? Feeling so lost.",relocation
Really struggling with this. Should I plan every hour of my day or leave room for spontaneity?,lifestyle
Here's my situation. My neighborhood is changing and I don't feel safe anymore. Should I move?,relocation
I got my agile certification but nobody will hire me without experience. Catch-22? What would you do?,career
Should I drink green tea every day for the health benefits? Has anyone been through this?,health
The company I work for is clearly struggling. Should I jump ship before things get worse? Any advice?,career
I've been thinking a lot about this. Should I try {cuisine} cuisine for its supposed longevity benefits?,health
I was diagnosed with arthritis. Should I tell my employer? Am I overthinking this?,health
Help! Should I get rid of books I've already read or keep them as a library?,lifestyle
"Here's my situation. I found the perfect engagement ring but it's $15,000. Is that too much?",relationship
I got recruited by a competitor with a much better package. Should I tell my boss? Feeling so lost.,career
Should I unsubscribe from all marketing emails or just the ones I never read? Feeling so lost.,lifestyle
I've been thinking a lot about this. We fight about chores constantly. Is this normal relationship stuff or are we incompatible?,relationship
Should I have my wisdom teeth removed even though they're not bothering me? Please help me decide.,health
Is it too late to become a nurse at 45? I really need some perspective. My doctor said I need to leave my physically demanding job. How do I transition to something else at 28?,career
Should I combine my Communications major with a Nursing minor for better job prospects? Am I overthinking this?,education
Help! I'm not sure if I want to be in academia forever. Should I still pursue a PhD?,education
I'm worried about passing on bipolar disorder to my children. Should I have kids anyway? Has anyone been through this?,family
Help! I want to go to law school but the legal job market is brutal. Should I reconsider?,education
Should we adopt domestically or internationally? Am I overthinking this?,family
I need advice. Should I focus on cardio or strength training for weight loss?,health
Should I leave my cushy corporate job to work at a nonprofit with a mission I care about? What would you do?,career
Not sure what to do. I've been at my job for 10 years and feel completely stuck. Is it time to move on?,career
I need advice. Should I invest in a taxable brokerage account before maxing retirement accounts? I keep dipping into my savings for non-emergencies. How do I stop?,finance
I've been passed over for promotion 5 times now. Should I keep trying or leave? What would you do?,career
Here's my situation. Should we get a new place together or move into one of our existing apartments?,relationship
Should I get rid of books I've already read or keep them as a library? Feeling so lost.,lifestyle
We're thinking of retiring abroad in Costa Rica. Has anyone done this? I really need some perspective.,relocation
Should I break up before the holidays or wait until after?,relationship
Thinking about pivoting from corporate life to creative work. Anyone done this? Feeling so lost.,career
Big decision ahead. Should I move closer to work to cut my commute or keep my affordable place?,relocation
My spouse got a diplomatic posting to Italy. Should the whole family go? Am I overthinking this?,relocation
My neighborhood is changing and I don't feel safe anymore. Should I move? What would you do?,relocation
I've been thinking a lot about this. Should I try physical therapy first or go straight to surgery?,health
Should I buy in the city where I work or the suburbs where I can afford more? Has anyone been through this?,finance
Here's my situation. We're considering moving to Washington for the tax benefits. Is that a good enough reason?,relocation
I'm being offered a remote position with frequent travel. Is that a good deal? Feeling so lost.,career
Really struggling with this. Should I learn the language before moving to Colombia or learn when I get there?,relocation
Help! We're considering adopting a child with special needs. Are we ready?,family
Not sure what to do. Should I go to grad school right after undergrad or work first?,education
Not sure what to do. Should I get vaccinated against flu even though I'm person with a disability?,health
I'm pregnant and not sure I want to keep it. How do I make this decision? Any advice?,family
I need advice. I was laid off last month and have been struggling to find something at the same level. Should I lower my expectations?,career
I need advice. My spouse got a diplomatic posting to Thailand. Should the whole family go?,relocation
Help! Should I go to grad school right after undergrad or work first?,education
Should I journal every morning or only when I feel like it? Please help me decide.,lifestyle
Should I get genetic testing for fibromyalgia that runs in my family? Any advice?,health
My partner wants to move in together after 18 months. Too soon? Has anyone been through this?,relationship
Not sure what to do. I'm stuck between majoring in History and Accounting. Which has better long-term prospects?,education
Should I cut out oils or just eat it in moderation? Has anyone been through this?,health
I keep failing at my New Year's resolutions. Should I stop making them? Any advice?,lifestyle
My child was diagnosed with autism. Should we tell them or wait? I really need some perspective.,family
Should I get genetic testing for depression that runs in my family? Has anyone been through this?,health
My psychiatrist suggested ECT for my depression. Should I consider it? Any advice?,health
I need advice. Should I pick a major based on passion or earning potential?,education
Should we have another child when our first was so difficult? Any advice?,family
Here's my situation. Should I keep a storage unit in my home country or get rid of everything?,relocation
I'm pregnant and not sure I want to keep it. How do I make this decision? Please help me decide.,family
Is getting an MBA worth it for someone looking to pivot from government to entrepreneurship? Has anyone been through this?,career
We're fighting about screen time limits. What's reasonable for a 48-year-old?,family
I have chronic pain and doctors can't find the cause. Should I keep searching? Please help me decide.,health
Not sure what to do. Thinking about pivoting from corporate life to creative work. Anyone done this?,career
Should I take out a personal loan to pay off my higher-interest credit cards? Has anyone been through this?,finance
The new job pays 60% more but requires 20 more hours per week. Worth it? Am I overthinking this?,career
Really struggling with this. I found a lump. Should I wait to see if it goes away or see a doctor immediately?,health
Help! Should I double major or focus on one thing and do it well?,education
Really struggling with this. I'm in a PhD program and hate it. Should I drop out with a master's?,education
Not sure what to do. Is it better to make my bed every morning or does it not matter?,lifestyle
Should I bootstrap my startup or take investor money and give up equity?,career
I'm happier when my partner is away on trips. What does that say about us? Feeling so lost.,relationship
My spouse got a diplomatic posting to New Zealand. Should the whole family go?,relocation
Help! My partner and I both got into different grad schools. How do we decide?,education
We want to move to a better school district but can't afford the houses there. Options? Has anyone been through this?,relocation
I have $500 in savings earning nothing. Where should I put it? Has anyone been through this?,finance
Really struggling with this. I've been coding on the side and want to become a developer. Should I quit my my office job?,career
Big decision ahead. I'm 40 and thinking about completely changing careers from nonprofit to healthcare. Am I crazy?,career
Should we use a sperm donor or keep trying with my partner's sperm? Has anyone been through this?,family
I need advice. Is it better to rent and invest the difference or buy a home?,finance
Should we give our kids an allowance or make them earn money through chores? Am I overthinking this?,family
Here's my situation. Should I hire an international moving company or do it myself?,relocation
I need advice. I'm considering moving to Barcelona sight unseen for a remote job. Bad idea?,relocation
Should I plan every hour of my day or leave room for spontaneity? Please help me decide. Should I volunteer abroad or help my own community first?,lifestyle
"My side hustle is making $2,000 per month. Should I go full-time?",career
Here's my situation. Should I go to the ER or wait for an urgent care appointment?,health
I have a family to support so I can't just quit. How do I career change responsibly? Any advice?,career
Here's my situation. I want to go to law school but the legal job market is brutal. Should I reconsider?,education
Should we become foster parents even if we don't plan to adopt? Has anyone been through this?,family
A recruiter reached out about a role that sounds perfect but requires a meditation certification I don't have. Should I invest in it? What would you do?,career
Should I journal every morning or only when I feel like it? Am I overthinking this?,lifestyle
My child wants to go to a party where I know there will be drinking. Should I let them? Am I overthinking this?,family
My partner wants 5 kids and I want {num2}. How do we compromise?,family
Big decision ahead. Should I get vaccinated against flu even though I'm immigrant?,health
Really struggling with this. Should I propose even though I can't afford an expensive ring right now?,relationship
Not sure what to do. Should we have another child when our first was so difficult?,family
I'm 42 and have no down payment saved. Should I even think about buying a home? Any advice?,finance
Should I hire an international moving company or do it myself? Feeling so lost.,relocation
Should we adopt domestically or internationally? Feeling so lost.,family
Here's my situation. Should I minimize my kitchen gadgets or keep the ones I use once a year?,lifestyle
Should I give up more protein completely or allow occasional treats?,health
"After 4 years in education, I realized I hate it. How do I start over? Am I overthinking this? I was asked to do something unethical at work. If I refuse, I'll probably be fired.",career
I need advice. Should I prioritize my child's happiness or their future success?,family
Not sure what to do. I'm 30 and have no down payment saved. Should I even think about buying a home?,finance
I'm being offered a remote position with frequent travel. Is that a good deal?,career
Not sure what to do. Should I use a paper planner or a digital system?,lifestyle
My advisor says I should add a statistics minor to any major I choose. Good advice? Am I overthinking this?,education
Should I use habit stacking to build new routines? Has anyone been through this?,lifestyle
Help! I'm a freshman and already hate my major. Is it too late to switch?,education
Big decision ahead. We're debating between free-range parenting and positive parenting. Which is better?,family
Help! Should I end a 6-year relationship if the sex life has completely died?,relationship
Should I buy less stuff or buy higher quality stuff? Am I overthinking this?,lifestyle
Should my partner and I have kids even though we both have demanding careers? Feeling so lost.,family
I'm being transferred and need to sell my house in a down market. Should I rent it out instead? Has anyone been through this?,finance
Big decision ahead. I've been a consultant for 20 years but my real passion is author. How do I make the switch?,career
Big decision ahead. My job is fully remote. Where should I move to maximize my quality of life?,relocation
I want to switch industries but every job posting wants experience I don't have. How do I break in? I really need some perspective.,career
Should I get genetic testing for OCD that runs in my family? Feeling so lost.,health
Here's my situation. Should I meal prep every Sunday or cook fresh daily?,health
I'm pregnant and not sure I want to keep it. How do I make this decision?,family
I need advice. Should I use habit stacking to build new routines? I'm an adult and don't know who I am outside of work. How do I find myself?,lifestyle
Should I end a 1-year relationship if the sex life has completely died? Has anyone been through this?,relationship
Should I buy a rental property instead of a home to live in? Has anyone been through this?,finance
Big decision ahead. Should I go to grad school right after undergrad or work first?,education
"Really struggling with this. Is international school worth the cost, or should I put my kids in local schools?",relocation
I've been thinking a lot about this. Should I ship my furniture overseas or sell everything and start fresh?,relocation
Should I learn the language before moving to Spain or learn when I get there? Am I overthinking this?,relocation
I'm 48 and thinking about completely changing careers from healthcare to education. Am I crazy? Any advice?,career
"I need advice. Should I move to a walkable city and sell my car, or keep the car and the suburbs?",relocation
Big decision ahead. Should I reward myself for hitting habit milestones or rely on intrinsic motivation?,lifestyle
Help! Should we adopt instead of having biological children?,family
Should I move to a city where I know nobody for my dream job? I really need some perspective.,relocation
I have a family. Can I survive grad school while being a parent? Please help me decide.,education
Really struggling with this. My parents want me to study History but I'm passionate about Pre-Med. How do I decide?,education
Here's my situation. I'm not sure if I want to be in academia forever. Should I still pursue a PhD?,education
Help! I was diagnosed with fibromyalgia. Should I tell my employer?,health
Should we start trying for a baby now or wait until we're more financially stable? Am I overthinking this?,family
Should I break up before the holidays or wait until after? Am I overthinking this?,relationship
Should I get a second opinion on my diagnosis or trust my current doctor? What would you do?,health
Not sure what to do. Is it dumb to invest in companies I actually use and like?,finance
Should I learn the language before moving to Spain or learn when I get there? Please help me decide.,relocation
Really struggling with this. Should I minor in something completely different from my major?,education
Not sure what to do. Should I move closer to work to cut my commute or keep my affordable place?,relocation
Really struggling with this. My partner is emotionally unavailable. Should I keep trying or accept they won't change?,relationship
Should I buy a house now with these high interest rates or wait until next year?,finance
I need chemotherapy but my insurance won't cover it. Should I pay out of pocket? Please help me decide.,health
Really struggling with this. Should I rent a place remotely or stay in temporary housing when I first arrive?,relocation
My doctor says I need to reduce sodium. Should I cut it completely?,health
Should I get genetic testing for depression that runs in my family? Am I overthinking this?,health
Not sure what to do. I want to go to law school but the legal job market is brutal. Should I reconsider?,education
I found messages between my partner and their coworker. Should I confront them? I really need some perspective.,relationship
Should I use a paper planner or a digital system? What would you do?,lifestyle
I've been offered a transfer to our Barcelona office. Should I uproot my family and move? Has anyone been through this?,relocation
Not sure what to do. Should I digitize all my photos or keep the physical albums?,lifestyle
Really struggling with this. I failed 30 classes last semester. Should I withdraw or try to recover?,education
Big decision ahead. Should I keep my citizenship when moving abroad permanently?,relocation
Really struggling with this. My company wants me to open an office in Italy. Should I take the expat package?,relocation
I need advice. We're married but living like roommates. Is this fixable?,relationship
Here's my situation. Should I focus on cardio or strength training for weight loss?,health
Should I have my wisdom teeth removed even though they're not bothering me? Has anyone been through this?,health
Help! My doctor cleared me for exercise after surgery. Should I start slow or push through?,health
Is it too late to become a nurse at 38? Has anyone been through this?,career
Big decision ahead. My children don't want to move abroad. Should I make them anyway?,relocation
Should I unsubscribe from all marketing emails or just the ones I never read? What would you do?,lifestyle
I want to simplify my wardrobe to a capsule collection. Where do I start? Has anyone been through this?,lifestyle
Big decision ahead. I have chronic pain and doctors can't find the cause. Should I keep searching?,health
Here's my situation. Should I buy a house now with these high interest rates or wait until next year?,finance
Should I focus on cardio or strength training for weight loss? Feeling so lost.,health
Here's my situation. I found a lump. Should I wait to see if it goes away or see a doctor immediately?,health
Really struggling with this. My religious family doesn't approve of my partner. Should we still have the wedding?,relationship
Big decision ahead. My partner wants to buy and I want to rent. How do we decide?,finance
Here's my situation. Is a master's from an online university respected in architecture?,education
Should I take out a personal loan to pay off my higher-interest credit cards? Any advice?,finance
Really struggling with this. I still love my ex but I'm with someone new. Should I reach out?,relationship
Help! The company I work for is clearly struggling. Should I jump ship before things get worse?,career
We moved in together and now we fight about guests all the time. Is this normal? Any advice?,relationship
Should I bootstrap my startup or take investor money and give up equity? Has anyone been through this?,career
I've been at my job for 8 years and feel completely stuck. Is it time to move on? Please help me decide.,career
My partner is a hoarder and I'm a minimalist. Can this relationship survive? Please help me decide.,lifestyle
Really struggling with this. Should I declutter my entire house in one weekend or do it gradually?,lifestyle
I need advice. Should I buy a house now with these high interest rates or wait until next year?,finance
I need advice. My partner is from Portugal and wants to move back home. Should I go?,relocation
My spouse got a diplomatic posting to Ireland. Should the whole family go? Feeling so lost.,relocation
I'm being transferred and need to sell my house in a down market. Should I rent it out instead? What would you do?,finance
Really struggling with this. My teen wants to drop out of sports. Should I make them stick with it?,family
Help! Should I sell my investments to pay off credit card debt?,finance
Really struggling with this. We've been together for 8 years and they still won't commit. Should I wait or leave?,relationship
Should I rebalance my portfolio annually or only when it drifts significantly? Please help me decide.,finance
"I have $30,000 in credit card debt. Should I consolidate or use the avalanche method? I really need some perspective.",finance
My parents want me to study History but I'm passionate about Engineering. How do I decide? Has anyone been through this?,education
Should I prioritize my child's happiness or their future success? Am I overthinking this?,family
My neighborhood is changing and I don't feel safe anymore. Should I move? I really need some perspective.,relocation
Is it worth the paperwork nightmare to move to Spain for love? Please help me decide.,relocation
Really struggling with this. Should I stay with someone whose family hates me?,relationship
Not sure what to do. We've been together for 15 years and they still won't commit. Should I wait or leave?,relationship
Help! My advisor says I should add a statistics minor to any major I choose. Good advice?,education
Not sure what to do. I'm a generalist in a world that wants specialists. How do I market myself?,career
I've been thinking a lot about this. My advisor says I should add a statistics minor to any major I choose. Good advice?,education
"Here's my situation. I'm only staying because I'm afraid of being alone. That's not a good reason, right?",relationship
Here's my situation. I'm 32 and thinking about completely changing careers from healthcare to design. Am I crazy?,career
I have chronic pain and doctors can't find the cause. Should I keep searching?,health
Big decision ahead. My parents offered to help with the down payment but want a say in which house. Should I accept?,finance
"Here's my situation. My partner wants me to cut off my best friend. That's controlling, right?",relationship
Really struggling with this. Should I max out my 401k or pay off my student loans first?,finance
"After getting laid off from tech, I'm considering healthcare. Anyone made this switch? Please help me decide.",career
I need advice. Should I pick up baking again after 15 years or try something completely new?,lifestyle
Should I let my child fail or protect them from every hardship? Am I overthinking this?,family
I need advice. Should we have another child when our first was so difficult?,family
I'm considering selling everything and living in a tiny house. Am I crazy? What would you do?,lifestyle
Should we combine finances after getting married or keep things separate? Am I overthinking this?,relationship
Not sure what to do. I got accepted to a big state school for Sociology and a private university for Engineering. Which should I choose?,education
"My dream company finally offered me a role, but it's in a different city. What should I do? Please help me decide.",career
Big decision ahead. I inherited a house that needs major repairs. Should I fix it up or sell as-is?,finance
My partner of 8 years cheated. Can trust ever be rebuilt?,relationship
Really struggling with this. Should I reward myself for hitting habit milestones or rely on intrinsic motivation?,lifestyle
I've been thinking a lot about this. My partner has terrible habits around communication. How do I address this?,relationship
Big decision ahead. My doctor says I'm pre-diabetic. Should I go on medication or try lifestyle changes first?,health
My partner wants to buy and I want to rent. How do we decide? Any advice?,finance
Help! Should I move closer to work to cut my commute or keep my affordable place?,relocation
I need advice. My kid wants a dog but I know I'll be the one taking care of it. Should we get one?,family
Should we adopt an older child or wait for an infant?,family
Really struggling with this. My advisor says I should add a statistics minor to any major I choose. Good advice?,education
Is getting a second master's degree in a different field a good idea? Has anyone been through this?,education
My partner is emotionally unavailable. Should I keep trying or accept they won't change? I really need some perspective.,relationship
I'm 50 and thinking about completely changing careers from manufacturing to research. Am I crazy? Am I overthinking this?,career
Help! My child wants to go to a party where I know there will be drinking. Should I let them?,family
I need advice. I have no idea what to major in. Should I take a gap year to figure it out?,education
I've been freelancing for a while. Should I go back to a full-time job or keep doing my own thing? What would you do?,career
Help! I found my dream house but it's 10% over my budget. Should I stretch?,finance
Really struggling with this. My kid wants a dog but I know I'll be the one taking care of it. Should we get one?,family
Really struggling with this. We're thinking of retiring abroad in Colombia. Has anyone done this?,relocation
Big decision ahead. I want to run a marathon but I've never run more than a mile. Where do I start?,health
Is English actually a good degree or should I pick something more practical? Am I overthinking this?,education
Should I use a robo-advisor or manage my investments myself? Feeling so lost.,finance
I've been thinking a lot about this. Should we move before having kids or wait until after?,relocation
I need advice. I've been a teacher for 25 years but my real passion is coach. How do I make the switch?,career
Is it better to focus on one habit at a time or change multiple at once? Am I overthinking this?,lifestyle
Not sure what to do. I want to move from individual contributor to management. Should I tell my boss?,career
Really struggling with this. Is intermittent fasting safe for someone with my health conditions?,health
Should I move back to my hometown or stay in the city where I built my life? I really need some perspective.,relocation
"Should I move in with my partner to save money, or is that a terrible reason? Has anyone been through this?",relationship
Really struggling with this. Is it dumb to invest in companies I actually use and like?,finance
I've been thinking a lot about this. Should I force my kid to eat foods they hate or let them have preferences?,family
Really struggling with this. My industry is dying and I need to reskill. What's the fastest path to something stable?,career
I've been thinking a lot about this. Should I use my entire savings for a down payment or keep an emergency fund?,finance
I have no idea what to major in. Should I take a gap year to figure it out? I really need some perspective.,education
My partner is emotionally unavailable. Should I keep trying or accept they won't change? Feeling so lost.,relationship
I'm 28 and haven't started investing for retirement. Am I too late? Feeling so lost.,finance
Not sure what to do. The company I work for is clearly struggling. Should I jump ship before things get worse?,career
Should I break up before the holidays or wait until after? Any advice?,relationship
I got into my dream school for the wrong major. Should I go anyway? Please help me decide.,education
Big decision ahead. We want completely different things in life. Should we break up now or hope things change?,relationship
Should I break up before the holidays or wait until after? What would you do?,relationship
Here's my situation. Should I rebalance my portfolio annually or only when it drifts significantly?,finance
Big decision ahead. My cholesterol is high. Should I change my diet or take statins?,health
Should I get vaccinated against COVID-19 even though I'm younger employee? Feeling so lost.,health
I'm pregnant and not sure I want to keep it. How do I make this decision? Am I overthinking this?,family
Not sure what to do. My lease is ending. Should I renew or finally make the move I've been dreaming about?,relocation
Help! Is intermittent fasting safe for someone with my health conditions?,health
My religious family doesn't approve of my partner. Should we still have the wedding? I really need some perspective.,relationship
I want to build a meditation habit. Should I start with 5 minutes or 20? What would you do?,lifestyle
Here's my situation. I'm worried about passing on asthma to my children. Should I have kids anyway?,family
Here's my situation. The job market is rough right now. Should I take an offer I'm not excited about just to have income?,career
My child has a learning disability. Should we mainstream them or find a specialized school? Am I overthinking this?,family
Should I put all my money in at once or dollar-cost average? Feeling so lost.,finance
I need advice. Should I accept a promotion that means managing people?,career
Should I meal prep every Sunday or cook fresh daily? What would you do?,health
Here's my situation. Should we combine finances after getting married or keep things separate?,relationship
Should I try physical therapy first or go straight to surgery? Feeling so lost.,health
Should I max out my 401k or pay off my student loans first? I really need some perspective.,finance
Should I try {cuisine} cuisine for its supposed longevity benefits? Please help me decide.,health
Not sure what to do. Should we tell our families we're trying to conceive or keep it private?,family
I'm overwhelmed by all my subscriptions. Should I cancel everything and resubscribe only to what I miss? Am I overthinking this?,lifestyle
I've been thinking a lot about this. We agreed to try an open relationship and now I'm miserable. Should I end it?,relationship
"Should I move to a place I've vacationed, or is that different from living there? Has anyone been through this?",relocation
Big decision ahead. My partner is from Japan and wants to move back home. Should I go?,relocation
Here's my situation. I keep thinking about my ex from years ago. Should I contact them or let it go?,relationship
"My partner wants me to cut off my best friend. That's controlling, right? Am I overthinking this?",relationship
My employer offers tuition reimbursement for a master's. Should I do it part-time? I really need some perspective.,education
Should we make our kids go to church even though we're not religious? Am I overthinking this?,family
Help! We got married young and I feel like I missed out. Is that normal?,relationship
Here's my situation. Should I live with less space and more experiences?,lifestyle
Really struggling with this. Should I put down 50% to avoid PMI or keep that money invested?,finance
Not sure what to do. Should I have my wisdom teeth removed even though they're not bothering me?,health
My children don't want to move abroad. Should I make them anyway? Has anyone been through this?,relocation
My partner proposed but I'm not sure I'm ready for marriage. How do I know? Any advice?,relationship
I've been thinking a lot about this. Should I get vaccinated against hepatitis even though I'm religious minority?,health
Here's my situation. My financial advisor charges 40%. Is that reasonable or should I go fee-only?,finance
"My side hustle is making $15,000 per month. Should I go full-time? Has anyone been through this?",career
Should I break up with someone who is perfect on paper but I don't feel excited about? Has anyone been through this?,relationship
The job market is rough right now. Should I take an offer I'm not excited about just to have income? Any advice?,career
Really struggling with this. Should I invest in a Roth IRA or traditional IRA?,finance
"I need advice. Should I move in with my partner to save money, or is that a terrible reason?",relationship
I've been thinking a lot about this. Should I digitize all my photos or keep the physical albums?,lifestyle
Really struggling with this. I'm good at {subject1} and {subject2}. Which should I pursue as a career?,education
"Really struggling with this. My partner wants me to cut off my best friend. That's controlling, right?",relationship
Should I learn the language before moving to South Korea or learn when I get there? I really need some perspective.,relocation
Should I count calories or focus on eating whole foods? What would you do?,health
Big decision ahead. My partner never apologizes. Is this a personality trait or a red flag?,relationship
Here's my situation. I have no idea what to major in. Should I take a gap year to figure it out?,education
I want a big wedding but my partner wants to elope. Can we compromise? What would you do?,relationship
I need advice. My doctor said I need to leave my physically demanding job. How do I transition to something else at 22?,career
We're considering IVF but it's so expensive. Is it worth the financial strain? Am I overthinking this?,family
I need dialysis but my insurance won't cover it. Should I pay out of pocket? Any advice?,health
Should I buy a house now with these high interest rates or wait until next year? Please help me decide.,finance
Big decision ahead. Is meal replacement shakes a good option for busy days?,health
Should I buy a fixer-upper in a great neighborhood or a move-in ready home in an okay area? Feeling so lost.,finance
Should I stop celebrating birthdays with gifts and just spend time together? Please help me decide.,lifestyle
Should I use a robo-advisor or manage my investments myself? Am I overthinking this?,finance
Not sure what to do. Should I stop celebrating birthdays with gifts and just spend time together?,lifestyle
Not sure what to do. Should I sell my investments to pay off credit card debt?,finance
I've been thinking a lot about this. Should I track my macros or just eat intuitively?,health
Here's my situation. Should I be a stay-at-home parent or keep my career?,family
Big decision ahead. Should I use my entire savings for a down payment or keep an emergency fund?,finance
Big decision ahead. I'm good at {subject1} and {subject2}. Which should I pursue as a career?,education
Should I hire an international moving company or do it myself? I really need some perspective.,relocation
I'm considering selling everything and living in a tiny house. Am I crazy? Any advice?,lifestyle
"I got into a top MD program but have to take on $5,000 in loans. Should I go? What would you do?",education
Should we get genetic testing before trying to conceive? Has anyone been through this?,family
My partner said they want to 'take a break.' What does that even mean? Please help me decide.,relationship
Big decision ahead. I want to start a tech startup but everyone says most businesses fail. Should I even try?,career
I have pets. How do I make an international move less traumatic for them?,relocation
Not sure what to do. Is it better to focus on one habit at a time or change multiple at once?,lifestyle
I'm tired of winter and want to move somewhere warm. Am I being impulsive? Feeling so lost.,relocation
"I've been thinking a lot about this. Is it worth waking up early on weekends too, or should I sleep in?",lifestyle
I got recruited by a competitor with a much better package. Should I tell my boss? What would you do?,career
Not sure what to do. We want to move to a better school district but can't afford the houses there. Options?,relocation
Should I rent first when moving to a new city or buy immediately? Any advice?,relocation
I need advice. Should I invest in Costa Rica emerging markets or stick to domestic?,finance
My partner's mental health issues are draining me. Is it wrong to leave someone who's struggling? What would you do?,relationship
I have no hobbies and feel boring. How do I find something I'm passionate about? Any advice?,lifestyle
Really struggling with this. My partner wants 15 kids and I want {num2}. How do we compromise?,family
Not sure what to do. Should I buy less stuff or buy higher quality stuff?,lifestyle
Is getting a second master's degree in a different field a good idea? What would you do? Can I afford to study abroad or should I save that money for grad school?,education
I failed 5 classes last semester. Should I withdraw or try to recover? Please help me decide.,education
Should I meal prep every Sunday or cook fresh daily? Am I overthinking this?,health
Here's my situation. I have chronic pain and doctors can't find the cause. Should I keep searching?,health
Big decision ahead. My PhD advisor is leaving the university. Should I follow them or find a new advisor?,education
Not sure what to do. Should I invest in crypto or is it too risky?,finance
Not sure what to do. Should I keep a storage unit in my home country or get rid of everything?,relocation
My spouse got a diplomatic posting to Italy. Should the whole family go? I really need some perspective.,relocation
"Here's my situation. Should I move to a place I've vacationed, or is that different from living there?",relocation
"Help! My side hustle is making $1,000 per month. Should I go full-time?",career
"I have $8,000 in credit card debt. Should I consolidate or use the avalanche method? Feeling so lost.",finance
Should I move back to my home country after living abroad for 3 years? Feeling so lost.,relocation
Is it better to focus on one habit at a time or change multiple at once? Any advice?,lifestyle
Should I go to a lower-ranked school with full funding or a top school with no aid? What would you do?,education
Is it minimalist to have a well-stocked pantry or should I shop more frequently?,lifestyle
Should I have a nighttime routine or just collapse into bed? Please help me decide.,lifestyle
Not sure what to do. My friends are all having kids and I'm feeling left behind. Should that influence my decision?,family
Is moving to a country with a completely different culture a bad idea at 40? Has anyone been through this?,relocation
Should I plan my week on Sunday night or Monday morning? Feeling so lost.,lifestyle
Should I digitize all my photos or keep the physical albums?,lifestyle
Big decision ahead. I have no hobbies and feel boring. How do I find something I'm passionate about?,lifestyle
Here's my situation. Should we move before having kids or wait until after?,relocation
"Does your major actually matter for your career, or is the degree enough? Please help me decide.",education
We can't agree on whether to have kids. Should we get married anyway? I really need some perspective.,relationship
Should we celebrate every achievement or save praise for big things?,family
I have $500 in savings earning nothing. Where should I put it?,finance
I need advice. A recruiter reached out about a role that sounds perfect but requires a meditation certification I don't have. Should I invest in it?,career
Should I invite my toxic ex to my wedding because we share a friend group? Am I overthinking this?,relationship
"Help! After 10 years in law, I realized I hate it. How do I start over?",career
Big decision ahead. Should I prioritize my child's happiness or their future success?,family
I got my CCNA certification but nobody will hire me without experience. Catch-22? Has anyone been through this?,career
"Help! I got into a top PhD program but have to take on $20,000 in loans. Should I go?",education
Should I go to a lower-ranked school with full funding or a top school with no aid? Has anyone been through this?,education
Should I freeze my eggs even though I'm not sure I want kids? What would you do? My child wants to go to a party where I know there will be drinking. Should I let them?,family
"Not sure what to do. Should I go back to school to make a career change, or can I self-teach my way in?",career
Is it worth moving to a more expensive city for better career opportunities?,relocation
"Not sure what to do. I have $20,000 in savings earning nothing. Where should I put it?",finance
Not sure what to do. Should I turn my hobby into a side business or keep it fun?,lifestyle
Should I put down 25% to avoid PMI or keep that money invested? Please help me decide.,finance
Here's my situation. Should I take a semester off to figure out what I actually want?,education
Help! I've been coding on the side and want to become a developer. Should I quit my my cushy corporate job?,career
Help! Should I stop celebrating birthdays with gifts and just spend time together?,lifestyle
I've been thinking a lot about this. I want to switch industries but every job posting wants experience I don't have. How do I break in?,career
Big decision ahead. Is it worth moving to a more expensive city for better career opportunities?,relocation
Help! Should I try an elimination diet to figure out my food sensitivities?,health
Should I go paperless with all my documents or keep physical copies? What would you do?,lifestyle
Should we get a new place together or move into one of our existing apartments?,relationship
Help! My university doesn't offer the exact major I want. Should I transfer or make do?,education
Should I accept a promotion that means taking a pay cut initially? Has anyone been through this?,career
We want completely different things in life. Should we break up now or hope things change? Am I overthinking this?,relationship
Here's my situation. I need to choose between two treatment plans. How do I decide?,health
Not sure what to do. Should I sign a prenup? My partner is offended that I even brought it up.,relationship
My landlord offered to sell me the house I'm renting. Should I buy it? I really need some perspective.,finance
Not sure what to do. Should we adopt instead of having biological children?,family
Really struggling with this. I want to stop procrastinating. Should I use the 2-minute rule or time blocking?,lifestyle
Should I end a 3-year relationship if the sex life has completely died? Any advice?,relationship
Should I try physical therapy first or go straight to surgery? What would you do?,health
I need advice. Should I eat before my morning workout or train fasted?,health
"I've been thinking a lot about this. Should I move in with my partner to save money, or is that a terrible reason?",relationship
I keep thinking about my ex from years ago. Should I contact them or let it go? I really need some perspective.,relationship
Help! My cholesterol is high. Should I change my diet or take statins?,health
My company is relocating to Paris and I have to decide by next month. What should I consider? Please help me decide.,relocation
Is a home warranty worth it or a waste of money? Am I overthinking this?,finance
My partner and I can't agree on the location in our first home search.,finance
I need advice. I'm overwhelmed by all my subscriptions. Should I cancel everything and resubscribe only to what I miss?,lifestyle
My teen wants to drop out of sports. Should I make them stick with it? I really need some perspective.,family
Should I meal prep every Sunday or cook fresh daily? I really need some perspective.,health
I've been thinking a lot about this. Should I change my last name when I get married? My partner says they don't care either way.,relationship
Should we give our kids an allowance or make them earn money through chores? Feeling so lost.,family
Not sure what to do. I have chronic pain and doctors can't find the cause. Should I keep searching?,health
Should I take a semester off to figure out what I actually want? I really need some perspective.,education
I've been coding on the side and want to become a developer. Should I quit my food service? Am I overthinking this?,career
"Really struggling with this. Should I move to a place I've vacationed, or is that different from living there?",relocation
Really struggling with this. I have a business idea but I'm scared to quit my job. When is the right time to leap?,career
My doctor said I need to leave my physically demanding job. How do I transition to something else at 28?,career
I need advice. Should I use a robo-advisor or manage my investments myself?,finance
Should I get a professional certification instead of a full graduate degree? Has anyone been through this?,education
Help! My doctor recommended back surgery but I'm scared of the risks. What should I do?,health
Not sure what to do. My parents want me to study Art but I'm passionate about Accounting. How do I decide?,education
Is it dumb to invest in companies I actually use and like? Please help me decide.,finance
Help! I found out my partner has been lying about laundry. Is this a dealbreaker?,relationship
Really struggling with this. I keep thinking about my ex from years ago. Should I contact them or let it go?,relationship
Not sure what to do. My partner proposed but I'm not sure I'm ready for marriage. How do I know?,relationship
Should I go to grad school right after undergrad or work first? Feeling so lost.,education
Big decision ahead. My partner said they want to 'take a break.' What does that even mean?,relationship
Not sure what to do. Should I go to grad school locally or move across the country for a better program?,education
"Should I move in with my partner to save money, or is that a terrible reason? Am I overthinking this?",relationship
Is intermittent fasting safe for someone with my health conditions? Feeling so lost.,health
I'm considering a PhD in operations but it takes 4 years. Is it worth it? What would you do? I'm interested in marketing but the job market looks terrible. Should I study it anyway?,education
My advisor says I should add a statistics minor to any major I choose. Good advice? I really need some perspective.,education
I was laid off last month and have been struggling to find something at the same level. Should I lower my expectations? Am I overthinking this?,career
Really struggling with this. Should I live with less space and more experiences?,lifestyle
Help! I keep checking my investment app 12 times a day. Is this unhealthy?,finance
Big decision ahead. We're considering IVF but it's so expensive. Is it worth the financial strain?,family
Big decision ahead. Should I move back to my hometown or stay in the city where I built my life?,relocation
I still love my ex but I'm with someone new. Should I reach out? Feeling so lost.,relationship
Here's my situation. Should I invest in Germany emerging markets or stick to domestic?,finance
Big decision ahead. Should I pursue a terminal master's or go straight for the doctorate?,education
I need advice. Should I use my entire savings for a down payment or keep an emergency fund?,finance
My landlord offered to sell me the house I'm renting. Should I buy it?,finance
Here's my situation. My spouse got a diplomatic posting to the Netherlands. Should the whole family go?,relocation
Should I get a junior-year mortgage or stretch it to {year2} years for lower payments? Feeling so lost.,finance
We're fighting about screen time limits. What's reasonable for a 33-year-old? Please help me decide.,family
Really struggling with this. My partner wants to buy and I want to rent. How do we decide?,finance
Big decision ahead. Should I break up with someone who is perfect on paper but I don't feel excited about?,relationship
Should I keep my citizenship when moving abroad permanently? I really need some perspective.,relocation
Big decision ahead. I'm engaged but having second thoughts. Is this just cold feet or something more?,relationship
Not sure what to do. My university doesn't offer the exact major I want. Should I transfer or make do?,education
Should I live with less space and more experiences? Am I overthinking this?,lifestyle
Here's my situation. I inherited a house that needs major repairs. Should I fix it up or sell as-is?,finance
Should I put down 20% to avoid PMI or keep that money invested? Any advice?,finance
We're fighting about screen time limits. What's reasonable for a 22-year-old? Feeling so lost.,family
Should I buy a new construction home or something with character that's older? Please help me decide.,finance
I need advice. My partner wants to go vegan but I love meat. How do we make meals work?,health
Really struggling with this. Is it worth moving to a more expensive city for better career opportunities?,relocation
"Help! Should I move to a place I've vacationed, or is that different from living there?",relocation
"Help! I'm only staying because I'm afraid of being alone. That's not a good reason, right?",relationship
I want to learn to play piano. Should I take lessons or use apps? Has anyone been through this?,lifestyle
Should I go paperless with all my documents or keep physical copies? Any advice?,lifestyle
I've been thinking a lot about this. The company I work for is clearly struggling. Should I jump ship before things get worse?,career
Not sure what to do. Should I move to a new city for a job opportunity or stay where I'm comfortable?,relocation
Really struggling with this. My neighborhood is changing and I don't feel safe anymore. Should I move?,relocation
I've been thinking a lot about this. My doctor says I need to reduce sodium. Should I cut it completely?,health
Really struggling with this. I'm considering buying a condo instead of a house. What are the hidden costs?,finance
My partner wants 12 kids and I want {num2}. How do we compromise? Am I overthinking this?,family
I've been coding on the side and want to become a developer. Should I quit my retail? Any advice?,career
I've been thinking a lot about this. Should I declutter my entire house in one weekend or do it gradually?,lifestyle
Help! I'm good at {subject1} and {subject2}. Which should I pursue as a career?,education
I've been thinking a lot about this. My friend swears by keto but my doctor is skeptical. Who do I listen to?,health
Really struggling with this. I keep checking my investment app 15 times a day. Is this unhealthy?,finance
Should I buy a new construction home or something with character that's older? Has anyone been through this?,finance
Not sure what to do. Is meal replacement shakes a good option for busy days?,health
"Not sure what to do. After getting laid off from tech, I'm considering healthcare. Anyone made this switch?",career
I'm in a PhD program and hate it. Should I drop out with a master's? Has anyone been through this?,education
"Should I become a single parent by choice, or wait for a partner? Am I overthinking this?",family
I keep failing at my New Year's resolutions. Should I stop making them? What would you do?,lifestyle
Really struggling with this. I've been passed over for promotion 20 times now. Should I keep trying or leave?,career
Help! I need dialysis but my insurance won't cover it. Should I pay out of pocket?,health
My religious family doesn't approve of my partner. Should we still have the wedding? Any advice?,relationship
I need advice. I want to start a restaurant but everyone says most businesses fail. Should I even try?,career
Help! Should I give up fish completely or allow occasional treats?,health
Big decision ahead. Should I take a semester off to figure out what I actually want?,education
Should I max out my 401k or pay off my student loans first? What would you do?,finance
Should we let our kids have smartphones before high school? Am I overthinking this?,family
I'm considering a no-buy year. Has anyone done this successfully?,lifestyle
I need advice. Should I sell my investments to pay off credit card debt? Is meal prepping actually cheaper or just a time sink?,finance
Should I force my kid to eat foods they hate or let them have preferences? I really need some perspective.,family
Is intermittent fasting safe for someone with my health conditions? I really need some perspective.,health
Big decision ahead. I'm being offered a remote position with minimal travel. Is that a good deal?,career
Should I practice cooking every day or take rest days? Has anyone been through this?,lifestyle
We're considering moving to Nevada for the tax benefits. Is that a good enough reason? Please help me decide.,relocation
"Not sure what to do. Is it worth waking up early on weekends too, or should I sleep in?",lifestyle
Should we become foster parents even if we don't plan to adopt? Please help me decide. Should we get a medical power of attorney for my aging parent?,family
Big decision ahead. Should I sign a prenup? My partner is offended that I even brought it up.,relationship
I've been thinking a lot about this. Should I break up with someone who is perfect on paper but I don't feel excited about?,relationship
Should I do a working holiday in Mexico while I'm still young? Feeling so lost.,relocation
I found out my partner has been lying about groceries. Is this a dealbreaker? Has anyone been through this?,relationship
Help! I'm 48 and haven't started investing for retirement. Am I too late?,finance
"Here's my situation. My dentist says I need extensive dental work but it costs $5,000. Is it really necessary?",health
I'm interested in social work but the job market looks terrible. Should I study it anyway? Any advice?,education
"Here's my situation. Should I become a single parent by choice, or wait for a partner?",family
Really struggling with this. I'm a generalist in a world that wants specialists. How do I market myself?,career
My co-founder and I keep disagreeing on direction. Should we split up? What would you do?,career
I've been offered a chance to move from sales to product management. Good move? What would you do?,career
Should I get vaccinated against shingles even though I'm woman? Has anyone been through this?,health
Help! Should I keep my citizenship when moving abroad permanently?,relocation
Should I stay with someone whose family hates me? Am I overthinking this?,relationship
Big decision ahead. We're thinking of moving from Seattle to Nashville for a lower cost of living. Worth it?,relocation
I'm pregnant and not sure I want to keep it. How do I make this decision? I really need some perspective.,family
My partner wants to buy and I want to rent. How do we decide? Am I overthinking this?,finance
I got accepted to a big state school for English and a technical institute for Economics. Which should I choose? Any advice?,education
Should I move closer to work to cut my commute or keep my affordable place? I really need some perspective.,relocation
Should I break up with someone who is perfect on paper but I don't feel excited about? Any advice? My partner of 3 years cheated. Can trust ever be rebuilt?,relationship
I've been thinking a lot about this. I'm worried about passing on autism to my children. Should I have kids anyway?,family
Help! My partner of 1 years cheated. Can trust ever be rebuilt?,relationship
I'm not sure if I want to be in academia forever. Should I still pursue a PhD? I really need some perspective.,education
My partner has terrible habits around cooking. How do I address this? Please help me decide.,relationship
"Big decision ahead. I'm 27 and went back to school, but I'm struggling to balance everything. Should I quit?",education
Here's my situation. I'm good at {subject1} and {subject2}. Which should I pursue as a career?,education
Not sure what to do. Should I see a registered dietitian or figure out nutrition myself?,health
Here's my situation. Should I track my macros or just eat intuitively?,health
Should we become foster parents even if we don't plan to adopt? Feeling so lost.,family
We want to move to a better school district but can't afford the houses there. Options? Any advice?,relocation
I found out my partner has been lying about guests. Is this a dealbreaker? Feeling so lost.,relationship
"Not sure what to do. My side hustle is making $15,000 per month. Should I go full-time?",career
"Not sure what to do. My friend wants me to be their roommate in New York. Should I take the plunge? Is international school worth the cost, or should I put my kids in local schools?",relocation
Should I declutter my entire house in one weekend or do it gradually? What would you do?,lifestyle
Here's my situation. I have two offers on the table — one from a successful startup and one from a exciting corporation. How do I choose?,career
Here's my situation. I want to stop procrastinating. Should I use the 2-minute rule or time blocking?,lifestyle
My PhD advisor is leaving the university. Should I follow them or find a new advisor? Has anyone been through this?,education
My teen wants to drop out of sports. Should I make them stick with it? Has anyone been through this?,family
Really struggling with this. Is Biology actually a good degree or should I pick something more practical?,education
I have two offers on the table — one from a well-known startup and one from a well-established corporation. How do I choose? Am I overthinking this?,career
Help! Is meal replacement shakes a good option for busy days?,health
My doctor says I need to reduce sodium. Should I cut it completely? Am I overthinking this?,health
I've been thinking a lot about this. I need to choose between two treatment plans. How do I decide?,health
Help! My company offers an ESPP. Should I participate?,finance
I want to learn to play piano. Should I take lessons or use apps? Any advice?,lifestyle
Big decision ahead. Should I eat before my morning workout or train fasted?,health
I want to read more books this year. Should I set a number goal or just read daily? Am I overthinking this?,lifestyle
Big decision ahead. Should I move my elderly parent to live with me abroad or visit them frequently?,relocation
My PhD advisor is leaving the university. Should I follow them or find a new advisor? I really need some perspective.,education
Should I go to grad school right after undergrad or work first? Please help me decide.,education
I got accepted to a liberal arts school for Communications and an online program for Computer Science. Which should I choose? Feeling so lost.,education
Is getting a second master's degree in a different field a good idea? I really need some perspective.,education
Not sure what to do. Should I combine my Journalism major with a Nursing minor for better job prospects?,education
I've been thinking a lot about this. Should I combine my Journalism major with a Nursing minor for better job prospects?,education
I've been freelancing for a while. Should I go back to a full-time job or keep doing my own thing? Please help me decide.,career
My current employer countered my resignation with a huge raise. Should I stay? Am I overthinking this?,career
Should I invite my toxic ex to my wedding because we share a friend group? I really need some perspective.,relationship
Here's my situation. Should my partner and I have kids even though we both have demanding careers?,family
I keep checking my investment app 20 times a day. Is this unhealthy? Am I overthinking this?,finance
Here's my situation. My lease is ending. Should I renew or finally make the move I've been dreaming about?,relocation
"Help! Does your major actually matter for your career, or is the degree enough?",education
Here's my situation. My partner wants to move in together after 9 months. Too soon?,relationship
I've been thinking a lot about this. I'm in my fourth year and want to drop out. My parents will be devastated. What do I do?,education
Should I count calories or focus on eating whole foods? Has anyone been through this?,health
Not sure what to do. I have a family to support so I can't just quit. How do I career change responsibly?,career
Is intermittent fasting safe for someone with my health conditions? Has anyone been through this?,health
The job market is rough right now. Should I take an offer I'm not excited about just to have income?,career
Should I tell my child they're adopted or keep it a secret? Any advice?,family
Here's my situation. Should I try {cuisine} cuisine for its supposed longevity benefits?,health
"Here's my situation. My dream company finally offered me a role, but it's in a different city. What should I do?",career
Not sure what to do. Should I minimize my kitchen gadgets or keep the ones I use once a year?,lifestyle
I've been at my job for 6 years and feel completely stuck. Is it time to move on? I really need some perspective.,career
I'm considering a no-buy year. Has anyone done this successfully? Any advice?,lifestyle
Here's my situation. Should I minor in something completely different from my major?,education
I want to stop procrastinating. Should I use the 2-minute rule or time blocking? Any advice?,lifestyle
Not sure what to do. My advisor says I should add a statistics minor to any major I choose. Good advice?,education
I found out my partner has been lying about chores. Is this a dealbreaker?,relationship
I need advice. Should I keep a storage unit in my home country or get rid of everything?,relocation
Should we adopt instead of having biological children? Please help me decide.,family
We can't agree on whether to have kids. Should we get married anyway? Any advice?,relationship
I need advice. Should I see a registered dietitian or figure out nutrition myself?,health
Really struggling with this. I've always wanted kids but my partner changed their mind. Now what?,family
Should I rent a place remotely or stay in temporary housing when I first arrive? I really need some perspective.,relocation
Not sure what to do. Should I get a final-year mortgage or stretch it to {year2} years for lower payments?,finance
"Big decision ahead. I'm not sure if I want to be in academia forever. Should I still pursue a PhD? I got into a top PhD program but have to take on $5,000 in loans. Should I go?",education
Really struggling with this. Should I study what I'm good at or what challenges me?,education
Should we become foster parents even if we don't plan to adopt? I really need some perspective.,family
I need advice. Should I buy a fixer-upper in a great neighborhood or a move-in ready home in an okay area?,finance
Is an MBA worth it at 42 with 8 years of experience? Any advice?,education
I've been thinking a lot about this. Should I do a working holiday in Argentina while I'm still young?,relocation
My employer offers tuition reimbursement for a master's. Should I do it part-time? Any advice?,education
Help! Should I plan my week on Sunday night or Monday morning?,lifestyle
Should I take a 30% pay cut to work at a company I'm actually passionate about? Please help me decide.,career
I'm considering a PhD in healthcare but it takes 25 years. Is it worth it? Any advice?,education
Help! My landlord offered to sell me the house I'm renting. Should I buy it?,finance
Big decision ahead. Should I use a paper planner or a digital system?,lifestyle
We're considering IVF but it's so expensive. Is it worth the financial strain? Any advice?,family
Should I read my teen's diary if I'm worried about their mental health? I really need some perspective.,family
Really struggling with this. My partner has terrible habits around time management. How do I address this?,relationship
Really struggling with this. I've been a manager for 1 years but my real passion is entrepreneur. How do I make the switch?,career
"Should I wake up at 5am like all the successful people say, or find my own rhythm?",lifestyle
Really struggling with this. I want to run a marathon but I've never run more than a mile. Where do I start?,health
Big decision ahead. I'm addicted to buying things when I'm stressed. How do I break this habit?,lifestyle
College is destroying my mental health. Should I prioritize my wellbeing or push through?,education
I've been thinking a lot about this. Should I move to a new city for a job opportunity or stay where I'm comfortable?,relocation
"Not sure what to do. I found the perfect engagement ring but it's $15,000. Is that too much?",relationship
Should I reward myself for hitting habit milestones or rely on intrinsic motivation? Am I overthinking this?,lifestyle
My financial advisor charges 30%. Is that reasonable or should I go fee-only? Feeling so lost.,finance
I need advice. Is it minimalist to have a well-stocked pantry or should I shop more frequently?,lifestyle
My doctor says I need to reduce sodium. Should I cut it completely? What would you do?,health
Help! Should I do a working holiday in Costa Rica while I'm still young?,relocation
Should I invest in a taxable brokerage account before maxing retirement accounts? Has anyone been through this?,finance
"Help! Is it worth waking up early on weekends too, or should I sleep in?",lifestyle
Should I have my wisdom teeth removed even though they're not bothering me? Am I overthinking this?,health
Should I do a working holiday in New Zealand while I'm still young? Please help me decide.,relocation
Should I use my entire savings for a down payment or keep an emergency fund? Am I overthinking this?,finance
"Here's my situation. Should I move to a walkable city and sell my car, or keep the car and the suburbs?",relocation
I'm interested in advertising but the job market looks terrible. Should I study it anyway?,education
My partner wants a destination wedding but I want my grandparents there. What do we do? Am I overthinking this?,relationship
I've been thinking a lot about this. I'm 55 and thinking about completely changing careers from finance to education. Am I crazy?,career
I've been thinking a lot about this. Is intermittent fasting safe for someone with my health conditions?,health
I got into my dream school for the wrong major. Should I go anyway? What would you do?,education
My partner got into grad school in Barcelona. Should I move with them or try long distance? What would you do?,relocation
Should I combine my Music major with a Engineering minor for better job prospects? Feeling so lost.,education
"Here's my situation. Does your major actually matter for your career, or is the degree enough?",education
Big decision ahead. Should I propose even though I can't afford an expensive ring right now?,relationship
Here's my situation. We fight about groceries constantly. Is this normal relationship stuff or are we incompatible?,relationship
I've been passed over for promotion 30 times now. Should I keep trying or leave? I really need some perspective.,career
Should I prioritize my child's happiness or their future success?,family
Really struggling with this. Should I hire a personal trainer or figure out workouts on my own?,health
Not sure what to do. Should I get rid of books I've already read or keep them as a library?,lifestyle
Not sure what to do. I'm considering a no-buy year. Has anyone done this successfully?,lifestyle
Really struggling with this. Should I use habit stacking to build new routines?,lifestyle
Should I drink bone broth every day for the health benefits? Am I overthinking this?,health
Big decision ahead. My manager just told me I'm on a dynamic performance plan. Should I start looking now?,career
Not sure what to do. My co-founder and I keep disagreeing on direction. Should we split up?,career
I want to simplify my wardrobe to a capsule collection. Where do I start? What would you do?,lifestyle
We want to move to a better school district but can't afford the houses there. Options? Am I overthinking this?,relocation
Should I sell my investments to pay off credit card debt? Any advice?,finance
I need advice. I inherited a house that needs major repairs. Should I fix it up or sell as-is?,finance
I need advice. I want to build a meditation habit. Should I start with 5 minutes or 20?,lifestyle
My partner of 25 years cheated. Can trust ever be rebuilt? Any advice?,relationship
I want to run a marathon but I've never run more than a mile. Where do I start? Please help me decide.,health
Not sure what to do. Should I propose even though I can't afford an expensive ring right now?,relationship
"I have $25,000 in credit card debt. Should I consolidate or use the avalanche method? Has anyone been through this?",finance
My partner proposed but I'm not sure I'm ready for marriage. How do I know? Please help me decide.,relationship
Should I use habit stacking to build new routines? I really need some perspective.,lifestyle
My co-founder and I keep disagreeing on direction. Should we split up? Please help me decide.,career
Big decision ahead. My co-founder and I keep disagreeing on direction. Should we split up?,career
Help! I've been trying to conceive for 12 years. Should we consider fertility treatments?,family
My friend keeps giving me stock tips. Should I listen or stick to my plan? Has anyone been through this?,finance
Should I focus on cardio or strength training for weight loss?,health
I need advice. I keep checking my investment app 12 times a day. Is this unhealthy?,finance
Here's my situation. We've been together for 6 years and they still won't commit. Should I wait or leave?,relationship
I've been thinking a lot about this. Should I go to the ER or wait for an urgent care appointment?,health
My job is fully remote. Where should I move to maximize my quality of life? What would you do?,relocation
Not sure what to do. I'm tired of winter and want to move somewhere warm. Am I being impulsive?,relocation
Should I get a fixer-upper and do the work myself or hire contractors?,finance
Not sure what to do. Should I practice meditation every day or take rest days? Is smart home technology worth it or just a gimmick?,lifestyle
I've been thinking a lot about this. I keep checking my investment app 30 times a day. Is this unhealthy?,finance
We've been together for 6 years and they still won't commit. Should I wait or leave? I really need some perspective.,relationship
My doctor recommended cataract surgery but I'm scared of the risks. What should I do? Any advice?,health
Help! I have an opportunity to lead a team for the first time but I'm terrified I'll fail. Should I go for it?,career
My current employer countered my resignation with a huge raise. Should I stay? Feeling so lost.,career
Not sure what to do. I'm pregnant and not sure I want to keep it. How do I make this decision?,family
"I need advice. My side hustle is making $2,000 per month. Should I go full-time?",career
I've been thinking a lot about this. My partner and I both got into different grad schools. How do we decide?,education
Not sure what to do. Is it minimalist to have a well-stocked pantry or should I shop more frequently?,lifestyle
Should we get a new place together or move into one of our existing apartments? Am I overthinking this?,relationship
I've been thinking a lot about this. I have no hobbies and feel boring. How do I find something I'm passionate about?,lifestyle
Should I ship my furniture overseas or sell everything and start fresh? Any advice?,relocation
Help! Should I get a third-year mortgage or stretch it to {year2} years for lower payments?,finance
Help! We fight about cooking constantly. Is this normal relationship stuff or are we incompatible?,relationship
I've been thinking a lot about this. We got married young and I feel like I missed out. Is that normal?,relationship
I'm burned out from undergrad. Should I take time off before grad school? What would you do?,education
Should I buy a new construction home or something with character that's older? Feeling so lost.,finance
I need advice. Should I move back to my hometown or stay in the city where I built my life?,relocation
"After getting laid off from tech, I'm considering healthcare. Anyone made this switch? What would you do?",career
Really struggling with this. Should I rebalance my portfolio annually or only when it drifts significantly?,finance
I want to learn to play drums. Should I take lessons or use apps?,lifestyle
"I'm considering trying the plant-based diet to lose weight, but I'm worried about the side effects.",health
Should I use habit stacking to build new routines? What would you do?,lifestyle
Is it better to invest in ETFs or mutual funds? Am I overthinking this?,finance
I need advice. I'm 32 and thinking about completely changing careers from healthcare to tech. Am I crazy?,career
Should I keep my citizenship when moving abroad permanently? Please help me decide.,relocation
Really struggling with this. My parents want to give me money to invest for them. Should I mix our finances?,finance
I need advice. I got recruited by a competitor with a much better package. Should I tell my boss?,career
Thinking about pivoting from corporate life to creative work. Anyone done this? Am I overthinking this?,career
I need advice. My industry is dying and I need to reskill. What's the fastest path to something stable?,career
I'm interested in entrepreneurship but the job market looks terrible. Should I study it anyway? Feeling so lost.,education
Really struggling with this. Should I sell my investments to pay off credit card debt?,finance
Not sure what to do. My religious family doesn't approve of my partner. Should we still have the wedding?,relationship
Big decision ahead. I was diagnosed with autism. Should I tell my employer?,health
Should I try physical therapy first or go straight to surgery? Am I overthinking this?,health
My friend wants me to join their company but I'm worried about mixing friendship and work.,career
Should I count calories or focus on eating whole foods? Am I overthinking this?,health
I've been thinking a lot about this. Should I try an elimination diet to figure out my food sensitivities?,health
I'm tired of winter and want to move somewhere warm. Am I being impulsive?,relocation
I keep failing at my New Year's resolutions. Should I stop making them? Has anyone been through this?,lifestyle
Really struggling with this. Thinking about pivoting from corporate life to creative work. Anyone done this?,career
Really struggling with this. My company is relocating to Toronto and I have to decide by next month. What should I consider?,relocation
I've been thinking a lot about this. Should I get rid of books I've already read or keep them as a library?,lifestyle
I need advice. Should I have preventive surgery because of my family history?,health
I want to learn to play violin. Should I take lessons or use apps? Please help me decide.,lifestyle
Big decision ahead. Is it better to focus on one habit at a time or change multiple at once?,lifestyle
Help! I want to simplify my wardrobe to a capsule collection. Where do I start? I spend too much time on email. Should I check it only twice a day?,lifestyle
I have no hobbies and feel boring. How do I find something I'm passionate about? I really need some perspective.,lifestyle
Should I do the 30-day minimalism challenge where you get rid of one thing each day? Has anyone been through this?,lifestyle
Big decision ahead. Should I use habit stacking to build new routines?,lifestyle
We're thinking of moving from Los Angeles to Nashville for a lower cost of living. Worth it? Has anyone been through this?,relocation
Not sure what to do. I found a lump. Should I wait to see if it goes away or see a doctor immediately?,health
Here's my situation. Should I freeze my eggs even though I'm not sure I want kids?,family
I need to choose between two treatment plans. How do I decide? Any advice?,health
Here's my situation. Should I get rid of books I've already read or keep them as a library?,lifestyle
I've been thinking a lot about this. Should I unsubscribe from all marketing emails or just the ones I never read?,lifestyle
Here's my situation. Should I end a 3-year relationship if the sex life has completely died?,relationship
"I've been thinking a lot about this. Should I move to a place I've vacationed, or is that different from living there?",relocation
Should I move to a new city for a job opportunity or stay where I'm comfortable? Feeling so lost.,relocation
I want to move from individual contributor to management. Should I tell my boss? Please help me decide.,career
We agreed to try an open relationship and now I'm miserable. Should I end it? Any advice?,relationship
I've been thinking a lot about this. We want completely different things in life. Should we break up now or hope things change?,relationship
Here's my situation. My child was diagnosed with fibromyalgia. Should we tell them or wait?,family
Should I take a semester off to figure out what I actually want? Has anyone been through this?,education
I've been passed over for promotion 4 times now. Should I keep trying or leave? Any advice?,career
Here's my situation. Should I invest in a Roth IRA or traditional IRA?,finance
"Is it worth waking up early on weekends too, or should I sleep in? Any advice?",lifestyle
I need advice. My friend wants me to be their roommate in Singapore. Should I take the plunge?,relocation
Is owning a car necessary or should I rely on public transit and rideshare? I really need some perspective.,lifestyle
The company I work for is clearly struggling. Should I jump ship before things get worse? Am I overthinking this?,career
I need advice. Should I stay with someone whose family hates me?,relationship
I need advice. Should I participate in a clinical trial for my condition?,health
I've been offered a transfer to our Tokyo office. Should I uproot my family and move? Any advice?,relocation
Big decision ahead. College is destroying my mental health. Should I prioritize my wellbeing or push through?,education
I've been thinking a lot about this. I want to stop procrastinating. Should I use the 2-minute rule or time blocking?,lifestyle
Should we get a new place together or move into one of our existing apartments? Any advice?,relationship
Should we have another child when our first was so difficult? Has anyone been through this?,family
I have an opportunity to lead a team for the first time but I'm terrified I'll fail. Should I go for it? I really need some perspective.,career
"I've been thinking a lot about this. After getting laid off from tech, I'm considering healthcare. Anyone made this switch?",career
I need advice. My partner wants 30 kids and I want {num2}. How do we compromise?,family
My friend swears by plant-based but my doctor is skeptical. Who do I listen to? Any advice?,health
Should I go paperless with all my documents or keep physical copies?,lifestyle
"I've been thinking a lot about this. My dentist says I need extensive dental work but it costs $5,000. Is it really necessary?",health
I've been thinking a lot about this. Should we celebrate every achievement or save praise for big things?,family
Not sure what to do. I want a big wedding but my partner wants to elope. Can we compromise?,relationship
Really struggling with this. I found out my partner has been lying about bathroom time. Is this a dealbreaker?,relationship
The job market is rough right now. Should I take an offer I'm not excited about just to have income? Please help me decide.,career
I need advice. My doctor recommended hip replacement but I'm scared of the risks. What should I do?,health
Really struggling with this. I have an opportunity to lead a team for the first time but I'm terrified I'll fail. Should I go for it?,career
Not sure what to do. My doctor said I need to leave my physically demanding job. How do I transition to something else at 40?,career
I've been thinking a lot about this. I have chronic pain and doctors can't find the cause. Should I keep searching?,health
Should I invest in Australia emerging markets or stick to domestic?,finance
I need advice. We moved in together and now we fight about noise all the time. Is this normal?,relationship
Not sure what to do. Should I participate in a clinical trial for my condition?,health
Should I eat before my morning workout or train fasted? Am I overthinking this?,health
Should I declutter my entire house in one weekend or do it gradually? Am I overthinking this?,lifestyle
My partner wants to move in together after 9 months. Too soon? What would you do?,relationship
Should I try an elimination diet to figure out my food sensitivities? Has anyone been through this?,health
Should I invest in a taxable brokerage account before maxing retirement accounts? I really need some perspective.,finance
Really struggling with this. I've been trying to conceive for 6 years. Should we consider fertility treatments?,family
"After 15 years in project management, I realized I hate it. How do I start over? I really need some perspective.",career
Should I go to grad school locally or move across the country for a better program? Am I overthinking this?,education
"Really struggling with this. Should I become a single parent by choice, or wait for a partner?",family
I inherited a house that needs major repairs. Should I fix it up or sell as-is? Am I overthinking this?,finance
We can't agree on whether to have kids. Should we get married anyway? Has anyone been through this?,relationship
Should we have kids close together or space them out? Feeling so lost.,family
Here's my situation. I keep failing at my New Year's resolutions. Should I stop making them?,lifestyle
Should I stop celebrating birthdays with gifts and just spend time together?,lifestyle
Here's my situation. My partner wants a destination wedding but I want my grandparents there. What do we do?,relationship
I need advice. I'm not sure if I want to be in academia forever. Should I still pursue a PhD?,education
Not sure what to do. Should I use my entire savings for a down payment or keep an emergency fund?,finance
Not sure what to do. My industry is dying and I need to reskill. What's the fastest path to something stable?,career
Should I plan every hour of my day or leave room for spontaneity?,lifestyle
I've been thinking a lot about this. I want to go to law school but the legal job market is brutal. Should I reconsider?,education
My teen wants to drop out of sports. Should I make them stick with it?,family
We can't agree on whether to have kids. Should we get married anyway? Feeling so lost.,relationship
I need advice. Should I move to a city where I know nobody for my dream job?,relocation
I need advice. I'm pregnant and not sure I want to keep it. How do I make this decision?,family
Is it better to invest in ETFs or mutual funds? I really need some perspective.,finance
Big decision ahead. Should I accept a promotion that means reporting to someone I don't respect?,career
"Not sure what to do. Should I hire a personal trainer or figure out workouts on my own? My hospital bill is $1,000. Should I negotiate it?",health
Should I travel abroad for a medical procedure that's cheaper there? Has anyone been through this?,health
My parents offered to help with the down payment but want a say in which house. Should I accept? Please help me decide.,finance
Big decision ahead. I've been freelancing for a while. Should I go back to a full-time job or keep doing my own thing?,career
Not sure what to do. I got my SHRM certification but nobody will hire me without experience. Catch-22?,career
Should I move to a city where I know nobody for my dream job?,relocation
Should I track every habit or just focus on the most important ones? Any advice?,lifestyle
The company I work for is clearly struggling. Should I jump ship before things get worse?,career
I've been thinking a lot about this. We've been together for 8 years and they still won't commit. Should I wait or leave?,relationship
Big decision ahead. My religious family doesn't approve of my partner. Should we still have the wedding?,relationship
Should I plan my week on Sunday night or Monday morning? Am I overthinking this?,lifestyle
I want to study something unconventional but I'm afraid of being judged.,education
Really struggling with this. I want to go to law school but the legal job market is brutal. Should I reconsider?,education
Really struggling with this. My doctor recommended thyroid surgery but I'm scared of the risks. What should I do?,health
I want to switch industries but every job posting wants experience I don't have. How do I break in? What would you do?,career
Should I count calories or focus on eating whole foods? Any advice?,health
I've been thinking a lot about this. We're thinking of retiring abroad in Portugal. Has anyone done this?,relocation
My employer offers tuition reimbursement for a master's. Should I do it part-time? Am I overthinking this?,education
I've been thinking a lot about this. My children don't want to move abroad. Should I make them anyway?,relocation
Should I accept a promotion that means relocating to a city I don't like? Am I overthinking this?,career
I'm worried about passing on epilepsy to my children. Should I have kids anyway? Any advice?,family
Should I rebalance my portfolio annually or only when it drifts significantly? Any advice?,finance
Here's my situation. Is it better to have a strict morning routine or go with the flow?,lifestyle
Not sure what to do. I've been coding on the side and want to become a developer. Should I quit my unemployment?,career
We can't agree on whether to have kids. Should we get married anyway? Please help me decide.,relationship
"Really struggling with this. Does your major actually matter for your career, or is the degree enough?",education
Really struggling with this. Should I break up before the holidays or wait until after?,relationship
Help! I've been at my job for 12 years and feel completely stuck. Is it time to move on?,career
Should I sign a prenup? My partner is offended that I even brought it up.,relationship
I've been thinking a lot about this. I want to read more books this year. Should I set a number goal or just read daily?,lifestyle
Help! I want to read more books this year. Should I set a number goal or just read daily?,lifestyle
We fight about dishes constantly. Is this normal relationship stuff or are we incompatible? Any advice?,relationship
My doctor recommended hip replacement but I'm scared of the risks. What should I do? I really need some perspective.,health
I'm in a PhD program and hate it. Should I drop out with a master's? Any advice?,education
I'm being offered a remote position with quarterly travel. Is that a good deal? Has anyone been through this?,career
Big decision ahead. My employer offers tuition reimbursement for a master's. Should I do it part-time?,education
Should I focus on cardio or strength training for weight loss? Please help me decide.,health
Not sure what to do. Should I travel abroad for a medical procedure that's cheaper there?,health
Here's my situation. Should I unsubscribe from all marketing emails or just the ones I never read?,lifestyle
Really struggling with this. Should I rent first when moving to a new city or buy immediately?,relocation
I inherited a house that needs major repairs. Should I fix it up or sell as-is? What would you do?,finance
I'm scared of marriage because my parents divorced. How do I get past this? Any advice?,relationship
Not sure what to do. My landlord offered to sell me the house I'm renting. Should I buy it?,finance
Help! Should I buy a fixer-upper in a great neighborhood or a move-in ready home in an okay area?,finance
Really struggling with this. I inherited a house that needs major repairs. Should I fix it up or sell as-is?,finance
Really struggling with this. Should I cut out carbs or just eat it in moderation?,health
Is getting an MBA worth it for someone looking to pivot from education to nonprofit?,career
Should I go to a lower-ranked school with full funding or a top school with no aid?,education
Should I give up nuts and seeds completely or allow occasional treats? What would you do?,health
Should we give our kids an allowance or make them earn money through chores? Any advice?,family
Big decision ahead. Should I stay with someone whose family hates me?,relationship
I'm engaged but having second thoughts. Is this just cold feet or something more? Am I overthinking this?,relationship
Should we let our kids have smartphones before high school? Has anyone been through this?,family
"Here's my situation. Should I wake up at 5am like all the successful people say, or find my own rhythm?",lifestyle
Should I move to a smaller town where I can afford a house or stay in the city and rent? I really need some perspective.,relocation
Should we move before having kids or wait until after? Any advice?,relocation
I need advice. My partner got into grad school in Dubai. Should I move with them or try long distance?,relocation
My partner never apologizes. Is this a personality trait or a red flag?,relationship
Is it better to focus on one habit at a time or change multiple at once? Has anyone been through this?,lifestyle
Big decision ahead. Should I do the 30-day minimalism challenge where you get rid of one thing each day?,lifestyle
Help! My partner has terrible habits around time management. How do I address this?,relationship
Should I force my kid to eat foods they hate or let them have preferences? Has anyone been through this?,family
Should I invest in a Roth IRA or traditional IRA? Feeling so lost.,finance
Should I accept a job that requires me to move to Costa Rica? What would you do?,relocation
Not sure what to do. Should I get a professional certification instead of a full graduate degree?,education
Should I move to a new city for a job opportunity or stay where I'm comfortable? Any advice?,relocation
Really struggling with this. I'm 33 and haven't started investing for retirement. Am I too late?,finance
Really struggling with this. Should I eat before my morning workout or train fasted?,health
Big decision ahead. Should I do a working holiday in Colombia while I'm still young? My promotion requires moving to a city I hate. Should I take it or stay at my level?,relocation
Not sure what to do. Should I accept a promotion that means giving up my technical work?,career
Big decision ahead. My doctor says I need to reduce sodium. Should I cut it completely?,health
My child was diagnosed with autoimmune disease. Should we tell them or wait?,family
I'm interested in advertising but the job market looks terrible. Should I study it anyway? Has anyone been through this?,education
Should I go to a lower-ranked school with full funding or a top school with no aid? Any advice?,education
Not sure what to do. My partner wants 2 kids and I want {num2}. How do we compromise?,family
Not sure what to do. I'm scared of healthcare quality in Singapore. Should that stop me from moving?,relocation
Should I buy in the city where I work or the suburbs where I can afford more? I really need some perspective.,finance
Should I force my kid to eat foods they hate or let them have preferences? Any advice?,family
Should I do the 30-day minimalism challenge where you get rid of one thing each day? I really need some perspective.,lifestyle
We're fighting about screen time limits. What's reasonable for a 50-year-old? What would you do?,family
Should I get rid of books I've already read or keep them as a library? Please help me decide.,lifestyle
Should I cut out salt or just eat it in moderation? Feeling so lost.,health
My PhD advisor is leaving the university. Should I follow them or find a new advisor? Any advice?,education
Should I do the 30-day minimalism challenge where you get rid of one thing each day? Please help me decide.,lifestyle
Here's my situation. The company I work for is clearly struggling. Should I jump ship before things get worse?,career
My cholesterol is high. Should I change my diet or take statins? What would you do?,health
"After getting laid off from tech, I'm considering healthcare. Anyone made this switch? I really need some perspective.",career
I've been thinking a lot about this. Should I sell my investments to pay off credit card debt?,finance
My friend swears by keto but my doctor is skeptical. Who do I listen to?,health
Not sure what to do. Is Engineering actually a good degree or should I pick something more practical?,education
Not sure what to do. Should I put all my money in at once or dollar-cost average?,finance
"I've been thinking a lot about this. I have $20,000 in credit card debt. Should I consolidate or use the avalanche method?",finance
Here's my situation. Should I accept a job that requires me to move to Mexico?,relocation
I've been thinking a lot about this. Should I get genetic testing for sleep apnea that runs in my family?,health
Should I live with less space and more experiences? What would you do?,lifestyle
My children don't want to move abroad. Should I make them anyway? Please help me decide.,relocation
Really struggling with this. Should I move closer to work to cut my commute or keep my affordable place?,relocation
"Does your major actually matter for your career, or is the degree enough? What would you do?",education
Here's my situation. Should I use a robo-advisor or manage my investments myself?,finance
Really struggling with this. I want to learn to play guitar. Should I take lessons or use apps?,lifestyle
Should I buy a rental property instead of a home to live in? Am I overthinking this? Is a timeshare ever a good purchase?,finance
Should I count calories or focus on eating whole foods? Please help me decide.,health
Help! Is it dumb to invest in companies I actually use and like?,finance
Should I go to a lower-ranked school with full funding or a top school with no aid? Please help me decide.,education
My child wants to go to a party where I know there will be drinking. Should I let them? Any advice?,family
Should I journal every morning or only when I feel like it? Any advice?,lifestyle
I've been thinking a lot about this. My partner said they want to 'take a break.' What does that even mean?,relationship
Here's my situation. Should I move back to my hometown or stay in the city where I built my life?,relocation
Should we have kids close together or space them out? I really need some perspective.,family
"Does your major actually matter for your career, or is the degree enough? Am I overthinking this?",education
I've been at my job for 7 years and feel completely stuck. Is it time to move on? Feeling so lost.,career
I need advice. I'm good at {subject1} and {subject2}. Which should I pursue as a career?,education
Really struggling with this. Should I take out a personal loan to pay off my higher-interest credit cards?,finance
Not sure what to do. Is it worth the paperwork nightmare to move to Colombia for love?,relocation
Really struggling with this. Should I move back to my home country after living abroad for 12 years?,relocation
Big decision ahead. Should we adopt domestically or internationally?,family
Should I use a paper planner or a digital system? Please help me decide.,lifestyle
I'm in a PhD program and hate it. Should I drop out with a master's? Am I overthinking this?,education
I was laid off last month and have been struggling to find something at the same level. Should I lower my expectations? Feeling so lost.,career
Should I see a registered dietitian or figure out nutrition myself?,health
Should I buy a rental property instead of a home to live in? I really need some perspective.,finance
Should I go to grad school locally or move across the country for a better program? What would you do?,education
I've been thinking a lot about this. I'm considering a PhD in real estate but it takes 20 years. Is it worth it?,education
Not sure what to do. Should I move my elderly parent to live with me abroad or visit them frequently?,relocation
I need advice. I'm worried about passing on PTSD to my children. Should I have kids anyway?,family
Should I focus on cardio or strength training for weight loss? Am I overthinking this?,health
I want to move to be closer to my aging parents but my partner doesn't want to leave their job.,relocation
I've been offered a transfer to our Berlin office. Should I uproot my family and move? Am I overthinking this?,relocation
Really struggling with this. My friends are all having kids and I'm feeling left behind. Should that influence my decision?,family
Is magnesium actually beneficial or a waste of money? I really need some perspective.,health
Here's my situation. I'm interested in design but the job market looks terrible. Should I study it anyway?,education
Should I invite my toxic ex to my wedding because we share a friend group? What would you do?,relationship
Is it worth the paperwork nightmare to move to Argentina for love? Am I overthinking this?,relocation
Here's my situation. Should I get a second opinion on my diagnosis or trust my current doctor?,health
Help! Should I do the 30-day minimalism challenge where you get rid of one thing each day?,lifestyle
"Here's my situation. Is it worth waking up early on weekends too, or should I sleep in?",lifestyle
I need advice. Should I rent first when moving to a new city or buy immediately?,relocation
I want to run a marathon but I've never run more than a mile. Where do I start? Feeling so lost.,health
Not sure what to do. Should I drink green tea every day for the health benefits?,health
Should I plan my week on Sunday night or Monday morning? I really need some perspective.,lifestyle
"Big decision ahead. My dream company finally offered me a role, but it's in a different city. What should I do?",career
Should we get a new place together or move into one of our existing apartments? I really need some perspective.,relationship
I'm torn between a traditional liberal arts degree and a technical degree.,education
Really struggling with this. I keep failing at my New Year's resolutions. Should I stop making them?,lifestyle
I've been thinking a lot about this. My partner of 15 years cheated. Can trust ever be rebuilt?,relationship
Help! I'm 33 and have no down payment saved. Should I even think about buying a home?,finance
Is getting an MBA worth it for someone looking to pivot from nonprofit to design? Feeling so lost.,career
"Not sure what to do. My dream company finally offered me a role, but it's in a different city. What should I do?",career
I've been thinking a lot about this. Should I learn the language before moving to Colombia or learn when I get there?,relocation
Not sure what to do. Should we use a sperm donor or keep trying with my partner's sperm?,family
I need advice. I've always wanted kids but my partner changed their mind. Now what?,family
Should I let my child fail or protect them from every hardship? Has anyone been through this?,family
Not sure what to do. My doctor says I need to reduce sodium. Should I cut it completely?,health
"I'm only staying because I'm afraid of being alone. That's not a good reason, right?",relationship
Not sure what to do. Should I invite my toxic ex to my wedding because we share a friend group?,relationship
"I have $100,000 in credit card debt. Should I consolidate or use the avalanche method? Any advice?",finance
Big decision ahead. Should we get genetic testing before trying to conceive?,family
Here's my situation. I'm addicted to buying things when I'm stressed. How do I break this habit?,lifestyle
Big decision ahead. Should we use a sperm donor or keep trying with my partner's sperm?,family
Should I change my last name when I get married? My partner says they don't care either way. Feeling so lost.,relationship
Big decision ahead. Is getting an MBA worth it for someone looking to pivot from media to creative arts?,career
I'm considering moving to Sydney sight unseen for a remote job. Bad idea? Am I overthinking this?,relocation
Should we get a new place together or move into one of our existing apartments? Please help me decide.,relationship
Here's my situation. I'm considering moving to New York sight unseen for a remote job. Bad idea?,relocation
Help! My friends are all having kids and I'm feeling left behind. Should that influence my decision?,family
Should I be a stay-at-home parent or keep my career? I really need some perspective.,family
Should I hire a personal trainer or figure out workouts on my own? What would you do?,health
I need advice. The job market is rough right now. Should I take an offer I'm not excited about just to have income?,career
Should I meal prep every Sunday or cook fresh daily? Has anyone been through this?,health
"Should I go back to school to make a career change, or can I self-teach my way in?",career
I'm tired of winter and want to move somewhere warm. Am I being impulsive? Any advice?,relocation
Big decision ahead. Should I move to a smaller town where I can afford a house or stay in the city and rent?,relocation
Should I read my teen's diary if I'm worried about their mental health? Please help me decide.,family
I've been thinking a lot about this. Should I freeze my eggs even though I'm not sure I want kids?,family
I've been coding on the side and want to become a developer. Should I quit my my current gig?,career
Is intermittent fasting safe for someone with my health conditions? Please help me decide.,health
Here's my situation. Should I break up before the holidays or wait until after?,relationship
Really struggling with this. I have pets. How do I make an international move less traumatic for them?,relocation
Really struggling with this. I found my dream house but it's 60% over my budget. Should I stretch?,finance
Not sure what to do. Should I move back to my home country after living abroad for 12 years?,relocation
Help! Should I learn the language before moving to Japan or learn when I get there?,relocation
Should I tell my child they're adopted or keep it a secret?,family
My company offers an ESPP. Should I participate? Has anyone been through this?,finance
Should I reward myself for hitting habit milestones or rely on intrinsic motivation? Please help me decide.,lifestyle
I got accepted to the local college for English and an online program for Economics. Which should I choose? Has anyone been through this?,education
I'm considering moving to Vancouver sight unseen for a remote job. Bad idea? Please help me decide.,relocation
"I've been thinking a lot about this. My dream company finally offered me a role, but it's in a different city. What should I do?",career
My child is struggling socially. Should I arrange playdates or let them figure it out? Has anyone been through this?,family
Help! My friend swears by gluten-free but my doctor is skeptical. Who do I listen to?,health
My parents offered to help with the down payment but want a say in which house. Should I accept?,finance
Should I hire a personal trainer or figure out workouts on my own? Has anyone been through this?,health
Big decision ahead. Should I take a 20% pay cut to work at a company I'm actually passionate about?,career
Should I get a second opinion on my diagnosis or trust my current doctor? Am I overthinking this?,health
Should I live with less space and more experiences? Any advice?,lifestyle
Not sure what to do. I have a business idea but I'm scared to quit my job. When is the right time to leap?,career
Should I do a working holiday in Vietnam while I'm still young? What would you do?,relocation
We're considering adopting a child with special needs. Are we ready?,family
I need advice. The new job pays 50% more but requires 40 more hours per week. Worth it?,career
I need advice. My religious family doesn't approve of my partner. Should we still have the wedding?,relationship
Here's my situation. Should I invest in a taxable brokerage account before maxing retirement accounts?,finance
Should I go to the ER or wait for an urgent care appointment? Am I overthinking this?,health
I need advice. Is it better to have a strict morning routine or go with the flow?,lifestyle
Is meal replacement shakes a good option for busy days? I really need some perspective.,health
My partner wants a destination wedding but I want my grandparents there. What do we do? Feeling so lost.,relationship
Really struggling with this. I'm engaged but having second thoughts. Is this just cold feet or something more?,relationship
My neighborhood is changing and I don't feel safe anymore. Should I move? Any advice?,relocation
Is it better to make my bed every morning or does it not matter? Am I overthinking this?,lifestyle
I have a family. Can I survive grad school while being a parent? I really need some perspective.,education
My partner has terrible habits around sleep schedule. How do I address this? I agreed to polyamory to make my partner happy but I'm miserable. Should I end it?,relationship
Really struggling with this. Is it worth the paperwork nightmare to move to Singapore for love?,relocation
"Should I move to a place I've vacationed, or is that different from living there? I really need some perspective.",relocation
I've been thinking a lot about this. My PhD advisor is leaving the university. Should I follow them or find a new advisor?,education
We're considering moving to North Carolina for the tax benefits. Is that a good enough reason? Has anyone been through this?,relocation
Should I propose even though I can't afford an expensive ring right now? What would you do?,relationship
Should I get vaccinated against flu even though I'm parent? Any advice?,health
Big decision ahead. Should I accept a job that requires me to move to France?,relocation
Should I force my kid to eat foods they hate or let them have preferences? Feeling so lost.,family
I've been thinking a lot about this. Should I sign a prenup? My partner is offended that I even brought it up.,relationship
I've been thinking a lot about this. Should I journal every morning or only when I feel like it?,lifestyle
Help! Should I go to the ER or wait for an urgent care appointment?,health
I'm being transferred and need to sell my house in a down market. Should I rent it out instead? I really need some perspective.,finance
I've been offered a transfer to our Seoul office. Should I uproot my family and move?,relocation
Help! I'm considering selling everything and living in a tiny house. Am I crazy?,lifestyle
Help! Should I stay with someone whose family hates me?,relationship
Not sure what to do. Should I declutter my entire house in one weekend or do it gradually?,lifestyle
Big decision ahead. I'm in a PhD program and hate it. Should I drop out with a master's?,education
My company offers an ESPP. Should I participate? Feeling so lost.,finance
Should I ship my furniture overseas or sell everything and start fresh? What would you do?,relocation
"My side hustle is making $10,000 per month. Should I go full-time? Feeling so lost.",career
I need advice. Should I be a stay-at-home parent or keep my career?,family
I need advice. I want to run a marathon but I've never run more than a mile. Where do I start?,health
Should I learn the language before moving to Thailand or learn when I get there? Feeling so lost.,relocation
Help! My partner said they want to 'take a break.' What does that even mean?,relationship
I need advice. Is it too late to become a analyst at 42?,career
I need advice. College is destroying my mental health. Should I prioritize my wellbeing or push through?,education
I'm 45 and thinking about completely changing careers from nonprofit to nonprofit. Am I crazy? Please help me decide.,career
I want to start investing but the market feels really high right now. Should I wait? Has anyone been through this?,finance
I'm 28 and haven't started investing for retirement. Am I too late? I really need some perspective.,finance
I've been thinking a lot about this. Should I drink black coffee every day for the health benefits?,health
Really struggling with this. Should I double major or focus on one thing and do it well?,education
I need advice. I'm being offered a remote position with 50% travel. Is that a good deal?,career
Is getting a second master's degree in a different field a good idea?,education
Here's my situation. I'm overwhelmed by all my subscriptions. Should I cancel everything and resubscribe only to what I miss?,lifestyle
My teen wants to drop out of sports. Should I make them stick with it? Any advice?,family
I keep checking my investment app 10 times a day. Is this unhealthy? Has anyone been through this?,finance
Not sure what to do. My house is full of inherited furniture I don't like. Should I keep it for sentimental reasons?,lifestyle
My lease is ending. Should I renew or finally make the move I've been dreaming about? Feeling so lost.,relocation
I've been thinking a lot about this. My teen wants to drop out of sports. Should I make them stick with it?,family
Big decision ahead. Should I change my last name when I get married? My partner says they don't care either way.,relationship
Not sure what to do. We want completely different things in life. Should we break up now or hope things change?,relationship
My friend wants me to be their roommate in London. Should I take the plunge? Please help me decide.,relocation
Should I let my child fail or protect them from every hardship? I really need some perspective.,family
I want to go to law school but the legal job market is brutal. Should I reconsider? Has anyone been through this?,education
Should I invest in a taxable brokerage account before maxing retirement accounts? What would you do?,finance
I have a family. Can I survive grad school while being a parent? Am I overthinking this?,education
Here's my situation. Should I get a sophomore-year mortgage or stretch it to {year2} years for lower payments?,finance
Should I try an elimination diet to figure out my food sensitivities? What would you do?,health
Should I have preventive surgery because of my family history? Am I overthinking this?,health
I need advice. I have an opportunity to lead a team for the first time but I'm terrified I'll fail. Should I go for it?,career
Should I take a huge pay cut to work at a company I'm actually passionate about? Any advice?,career
Should I pick a major based on passion or earning potential?,education
Help! Should I have my wisdom teeth removed even though they're not bothering me?,health
I've been thinking a lot about this. I'm tired of winter and want to move somewhere warm. Am I being impulsive?,relocation
I'm in my final year and want to drop out. My parents will be devastated. What do I do? What would you do?,education
My company is relocating to Toronto and I have to decide by next month. What should I consider? Am I overthinking this?,relocation
Should I be a stay-at-home parent or keep my career?,family
Help! I have chronic pain and doctors can't find the cause. Should I keep searching?,health
I'm 22 and have no down payment saved. Should I even think about buying a home? Feeling so lost.,finance
Should I have a nighttime routine or just collapse into bed? Am I overthinking this?,lifestyle
Not sure what to do. Should I take a significant pay cut to work at a company I'm actually passionate about?,career
I need advice. My current employer countered my resignation with a huge raise. Should I stay?,career
"Should I move in with my partner to save money, or is that a terrible reason? I really need some perspective.",relationship
Big decision ahead. My company offers an ESPP. Should I participate?,finance
Help! Should we adopt an older child or wait for an infant?,family
Really struggling with this. I have chronic pain and doctors can't find the cause. Should I keep searching?,health
I keep thinking about my ex from years ago. Should I contact them or let it go? Any advice?,relationship
Should I hire a personal trainer or figure out workouts on my own? Please help me decide.,health
Should I max out my 401k or pay off my student loans first? Has anyone been through this?,finance
Is a master's from an online university respected in advertising? What would you do?,education
My partner wants 4 kids and I want {num2}. How do we compromise? What would you do?,family
Not sure what to do. Should I pick a major based on passion or earning potential?,education
My doctor says I'm pre-diabetic. Should I go on medication or try lifestyle changes first? Please help me decide.,health
Big decision ahead. My friend keeps giving me stock tips. Should I listen or stick to my plan?,finance
Help! Should I break up with someone who is perfect on paper but I don't feel excited about?,relationship
Here's my situation. Should I bootstrap my startup or take investor money and give up equity?,career
Not sure what to do. My psychiatrist suggested ECT for my depression. Should I consider it?,health
Help! My partner wants 12 kids and I want {num2}. How do we compromise?,family
I got into my dream school for the wrong major. Should I go anyway? I really need some perspective.,education
I've been thinking a lot about this. Should I put down 30% to avoid PMI or keep that money invested?,finance
We're considering moving to Washington for the tax benefits. Is that a good enough reason? Feeling so lost.,relocation
Here's my situation. Should we give our kids an allowance or make them earn money through chores?,family
Big decision ahead. I'm considering selling everything and living in a tiny house. Am I crazy?,lifestyle
We moved in together and now we fight about dishes all the time. Is this normal? What would you do?,relationship
Big decision ahead. My partner's mental health issues are draining me. Is it wrong to leave someone who's struggling?,relationship
I want to build a meditation habit. Should I start with 5 minutes or 20? I really need some perspective.,lifestyle
"Help! I'm 30 and went back to school, but I'm struggling to balance everything. Should I quit?",education
"After getting laid off from tech, I'm considering healthcare. Anyone made this switch?",career
Should I freeze my eggs even though I'm not sure I want kids?,family
I'm tired of winter and want to move somewhere warm. Am I being impulsive? What would you do? My partner and I want different things in a new city. How do we decide?,relocation
I need advice. My doctor says I need to reduce sodium. Should I cut it completely?,health
I'm 27 and still undecided about having children. My biological clock is ticking and I don't know what to do.,family
Really struggling with this. Is a master's from an online university respected in supply chain?,education
Here's my situation. I got into my dream school for the wrong major. Should I go anyway?,education
Should I max out my 401k or pay off my student loans first? Feeling so lost.,finance
Big decision ahead. Should I track my macros or just eat intuitively?,health
I've been thinking a lot about this. Should I buy a fixer-upper in a great neighborhood or a move-in ready home in an okay area?,finance
My friends are all having kids and I'm feeling left behind. Should that influence my decision? Any advice?,family
"Should I wake up at 5am like all the successful people say, or find my own rhythm? Any advice?",lifestyle
Help! My psychiatrist suggested ECT for my depression. Should I consider it?,health
Big decision ahead. I'm a generalist in a world that wants specialists. How do I market myself?,career
"Is it worth waking up early on weekends too, or should I sleep in? Feeling so lost.",lifestyle
Should I participate in a clinical trial for my condition? Am I overthinking this?,health
Should I move back to my hometown or stay in the city where I built my life? Any advice?,relocation
I've been offered a chance to move from sales to product management. Good move? Feeling so lost.,career
Should I live with less space and more experiences? I really need some perspective.,lifestyle
Is an MBA worth it at 40 with 12 years of experience?,education
I've always wanted kids but my partner changed their mind. Now what? Feeling so lost.,family
Not sure what to do. Should I plan every hour of my day or leave room for spontaneity?,lifestyle
Should I use my entire savings for a down payment or keep an emergency fund? Any advice?,finance
My parents offered to help with the down payment but want a say in which house. Should I accept? I really need some perspective.,finance
My partner's mental health issues are draining me. Is it wrong to leave someone who's struggling?,relationship
I've been a analyst for 25 years but my real passion is filmmaker. How do I make the switch? Any advice?,career
Here's my situation. Should I drink smoothies every day for the health benefits?,health
"I need advice. Should I move to a place I've vacationed, or is that different from living there?",relocation
I've been thinking a lot about this. I'm considering a no-buy year. Has anyone done this successfully?,lifestyle
I need advice. Should I move to a smaller town where I can afford a house or stay in the city and rent?,relocation
I'm scared of pregnancy and childbirth. Should I reconsider having kids? Please help me decide.,family
Should I do a thesis-based or course-based master's program?,education
My partner got into grad school in Barcelona. Should I move with them or try long distance?,relocation
Should I combine my Art major with a Computer Science minor for better job prospects? Any advice?,education
Big decision ahead. Should I try {cuisine} cuisine for its supposed longevity benefits?,health
Should I pick up chess again after 10 years or try something completely new?,lifestyle
I have a family to support so I can't just quit. How do I career change responsibly? I really need some perspective.,career
I've been passed over for promotion 5 times now. Should I keep trying or leave? Has anyone been through this?,career
Big decision ahead. I'm scared of marriage because my parents divorced. How do I get past this?,relationship
My doctor says I need to reduce sodium. Should I cut it completely? Feeling so lost.,health
I have a family to support so I can't just quit. How do I career change responsibly? Please help me decide.,career
My partner wants a destination wedding but I want my grandparents there. What do we do?,relationship
Should we use a sperm donor or keep trying with my partner's sperm? Please help me decide.,family
I've been offered a transfer to our London office. Should I uproot my family and move? Feeling so lost.,relocation
Here's my situation. Should I declutter my entire house in one weekend or do it gradually?,lifestyle
I need advice. I keep failing at my New Year's resolutions. Should I stop making them?,lifestyle
Really struggling with this. Is it better to make my bed every morning or does it not matter?,lifestyle
I love my partner but I'm not physically attracted to them anymore. Should I end it? What would you do?,relationship
Should I do a thesis-based or course-based master's program? Am I overthinking this?,education
Is it dumb to invest in companies I actually use and like? I really need some perspective.,finance
"Really struggling with this. I found the perfect engagement ring but it's $1,500. Is that too much?",relationship
Should I declutter my entire house in one weekend or do it gradually? Has anyone been through this?,lifestyle
"I got into a top MBA program but have to take on $50,000 in loans. Should I go? Am I overthinking this?",education
Should I minor in something completely different from my major?,education
Help! Should I get a fixer-upper and do the work myself or hire contractors?,finance
I want to read more books this year. Should I set a number goal or just read daily? What would you do?,lifestyle
Not sure what to do. I keep failing at my New Year's resolutions. Should I stop making them?,lifestyle
Should I leave my cushy corporate job to work at a nonprofit with a mission I care about?,career
My doctor cleared me for exercise after a hip injury. Should I start slow or push through?,health
My fiancé and I can't agree on a wedding budget. They're being unrealistic.,relationship
Not sure what to do. Should I read my teen's diary if I'm worried about their mental health?,family
My friend wants me to be their roommate in Tokyo. Should I take the plunge? Feeling so lost.,relocation
I've been thinking a lot about this. I'm being offered a remote position with frequent travel. Is that a good deal?,career
Help! My doctor says I'm pre-diabetic. Should I go on medication or try lifestyle changes first? My cholesterol is high. Should I change my diet or take statins?,health
Help! Is it too late to become a nurse at 38?,career
"My partner and I disagree on timing. They want kids now, I want to wait.",family
Not sure what to do. My partner got into grad school in Tokyo. Should I move with them or try long distance?,relocation
I've been thinking a lot about this. Should I pick a major based on passion or earning potential?,education
Should we celebrate every achievement or save praise for big things? What would you do?,family
Should I declutter my entire house in one weekend or do it gradually?,lifestyle
Should I end a 1-year relationship if the sex life has completely died? I really need some perspective.,relationship
Should I use a robo-advisor or manage my investments myself? Any advice?,finance
Here's my situation. Should I go paperless with all my documents or keep physical copies?,lifestyle
Here's my situation. Should I invite my toxic ex to my wedding because we share a friend group?,relationship
I'm not sure if I want to be in academia forever. Should I still pursue a PhD? Feeling so lost.,education
A recruiter reached out about a role that sounds perfect but requires a coding certification I don't have. Should I invest in it?,career
Help! My partner wants to go vegan but I love meat. How do we make meals work?,health
I found a lump. Should I wait to see if it goes away or see a doctor immediately? Am I overthinking this?,health
Should I reward myself for hitting habit milestones or rely on intrinsic motivation? I really need some perspective.,lifestyle
I've been a engineer for 6 years but my real passion is coach. How do I make the switch? Has anyone been through this?,career
Big decision ahead. My partner is emotionally unavailable. Should I keep trying or accept they won't change?,relationship
Should I pick a major based on passion or earning potential? Am I overthinking this?,education
Should I eat before my morning workout or train fasted? Feeling so lost.,health
My company is relocating to New York and I have to decide by next month. What should I consider?,relocation
Really struggling with this. Should I leave my cushy corporate job to work at a nonprofit with a mission I care about?,career
We can't agree on whether to have kids. Should we get married anyway?,relationship
Is Philosophy actually a good degree or should I pick something more practical? Has anyone been through this?,education
Really struggling with this. My company offers an ESPP. Should I participate?,finance
Big decision ahead. My child has a learning disability. Should we mainstream them or find a specialized school?,family
Is it too late to become a data scientist at 22? Am I overthinking this?,career
Really struggling with this. My friend wants me to be their roommate in Paris. Should I take the plunge?,relocation
I've been thinking a lot about this. We're considering IVF but it's so expensive. Is it worth the financial strain?,family
Should I buy a fixer-upper in a great neighborhood or a move-in ready home in an okay area? Any advice?,finance
I've been trying to conceive for 25 years. Should we consider fertility treatments? Any advice?,family
Not sure what to do. Should we have kids close together or space them out?,family
My university doesn't offer the exact major I want. Should I transfer or make do? Any advice?,education
Should I move to a smaller town where I can afford a house or stay in the city and rent? Feeling so lost.,relocation
I've been thinking a lot about this. I failed 4 classes last semester. Should I withdraw or try to recover?,education
Should I tell my child they're adopted or keep it a secret? I really need some perspective.,family
Is it better to have a strict morning routine or go with the flow? Has anyone been through this?,lifestyle
Should I get a second opinion on my diagnosis or trust my current doctor? Has anyone been through this?,health
I've been thinking a lot about this. Should I see a registered dietitian or figure out nutrition myself?,health
Should I go to a lower-ranked school with full funding or a top school with no aid? Am I overthinking this?,education
Is med school worth the debt and stress if I'm not 25% sure I want to be a doctor? Has anyone been through this?,education
Should I use a paper planner or a digital system? Has anyone been through this?,lifestyle
Not sure what to do. My job is fully remote. Where should I move to maximize my quality of life?,relocation
Should we move before having kids or wait until after? I really need some perspective.,relocation
I've been thinking a lot about this. Should we adopt domestically or internationally?,family
Big decision ahead. My company is relocating to Sydney and I have to decide by next month. What should I consider?,relocation
Really struggling with this. I'm addicted to buying things when I'm stressed. How do I break this habit?,lifestyle
I've been thinking a lot about this. We're debating between free-range parenting and helicopter parenting. Which is better?,family
Not sure what to do. Is it too late to become a nurse at 50?,career
Here's my situation. I have a business idea but I'm scared to quit my job. When is the right time to leap?,career
Here's my situation. Should I learn the language before moving to Canada or learn when I get there?,relocation
Is a master's from an online university respected in nursing?,education
I've been at my job for 20 years and feel completely stuck. Is it time to move on? Any advice?,career
I need to choose between two treatment plans. How do I decide? Feeling so lost.,health
Help! I love my partner but I'm not physically attracted to them anymore. Should I end it?,relationship
Should I stay with someone whose family hates me? What would you do?,relationship
Should I put all my money in at once or dollar-cost average? I really need some perspective.,finance
"I've been thinking a lot about this. My student loan payment is $2,000 per month. Should I refinance?",finance
Not sure what to do. Should I live with less space and more experiences?,lifestyle
My teen wants to drop out of sports. Should I make them stick with it? Feeling so lost.,family
Is getting a second master's degree in a different field a good idea? Am I overthinking this?,education
Not sure what to do. Should I do a thesis-based or course-based master's program?,education
My manager just told me I'm on a remote-friendly performance plan. Should I start looking now? What would you do?,career
Really struggling with this. Should I pick up bird watching again after 4 years or try something completely new?,lifestyle
Big decision ahead. Should I sell my investments to pay off credit card debt?,finance
I've been thinking a lot about this. Should I take out a personal loan to pay off my higher-interest credit cards?,finance
Should I hire an international moving company or do it myself? Has anyone been through this?,relocation
"Really struggling with this. My student loan payment is $3,000 per month. Should I refinance?",finance
Is moving to a country with a completely different culture a bad idea at 22? Any advice?,relocation
Big decision ahead. Should I go to grad school locally or move across the country for a better program?,education
Help! My partner proposed but I'm not sure I'm ready for marriage. How do I know?,relationship
"Should I go back to school to make a career change, or can I self-teach my way in? Am I overthinking this?",career
Should I invest in Singapore emerging markets or stick to domestic? Any advice?,finance
Should I keep a storage unit in my home country or get rid of everything?,relocation
Not sure what to do. My partner and I both got into different grad schools. How do we decide?,education
Really struggling with this. I'm considering a PhD in human resources but it takes 10 years. Is it worth it?,education
My friends are all having kids and I'm feeling left behind. Should that influence my decision? Has anyone been through this?,family
I'm not sure if I want to be in academia forever. Should I still pursue a PhD?,education
Big decision ahead. Should I give up more protein completely or allow occasional treats?,health
I need advice. I want a big wedding but my partner wants to elope. Can we compromise?,relationship
The company I work for is clearly struggling. Should I jump ship before things get worse? Has anyone been through this?,career
Not sure what to do. Should I go paperless with all my documents or keep physical copies?,lifestyle
Should we adopt an older child or wait for an infant? What would you do?,family
Big decision ahead. I keep thinking about my ex from years ago. Should I contact them or let it go?,relationship
Not sure what to do. I'm considering selling everything and living in a tiny house. Am I crazy?,lifestyle
Is organic produce worth the extra cost? What would you do?,health
Help! Should I live with less space and more experiences?,lifestyle
I need advice. Should I plan every hour of my day or leave room for spontaneity?,lifestyle
My psychiatrist suggested ECT for my depression. Should I consider it? Has anyone been through this?,health
Here's my situation. Should I get a professional certification instead of a full graduate degree?,education
Is collagen actually beneficial or a waste of money? Any advice?,health
I'm in my senior year and want to drop out. My parents will be devastated. What do I do?,education
I'm overwhelmed by all my subscriptions. Should I cancel everything and resubscribe only to what I miss? What would you do?,lifestyle
Not sure what to do. We're debating between attachment parenting and unconditional parenting. Which is better?,family
Should I get rid of books I've already read or keep them as a library? Any advice?,lifestyle
We're considering having our child skip a grade. Good idea or social suicide? Feeling so lost.,family
Should we give our kids an allowance or make them earn money through chores? I really need some perspective.,family
I need advice. Is intermittent fasting safe for someone with my health conditions?,health
Not sure what to do. Should I track every habit or just focus on the most important ones?,lifestyle
Not sure what to do. We're considering IVF but it's so expensive. Is it worth the financial strain?,family
I need advice. Should I give up healthy fats completely or allow occasional treats?,health
Big decision ahead. Should we adopt instead of having biological children?,family
My children don't want to move abroad. Should I make them anyway? Feeling so lost.,relocation
I'm stuck between majoring in Psychology and Finance. Which has better long-term prospects? Please help me decide.,education
My kid wants a dog but I know I'll be the one taking care of it. Should we get one? What would you do?,family
My partner never apologizes. Is this a personality trait or a red flag? Has anyone been through this?,relationship
My doctor says I need to lose 30 pounds for health reasons. Where do I start?,health
Big decision ahead. Should I plan my week on Sunday night or Monday morning?,lifestyle
I'm considering a no-buy year. Has anyone done this successfully? What would you do?,lifestyle
Is getting an MBA worth it for someone looking to pivot from retail to entrepreneurship? I really need some perspective.,career
Should I minor in something completely different from my major? Has anyone been through this?,education
I'm a freshman and already hate my major. Is it too late to switch? Any advice?,education
I've been thinking a lot about this. I'm scared of pregnancy and childbirth. Should I reconsider having kids?,family
Should we let our kids have smartphones before high school?,family
Not sure what to do. Should I take a semester off to figure out what I actually want?,education
"Does your major actually matter for your career, or is the degree enough? I really need some perspective.",education
Here's my situation. Should we become foster parents even if we don't plan to adopt?,family
"Big decision ahead. Is international school worth the cost, or should I put my kids in local schools?",relocation
I've been thinking a lot about this. My partner is emotionally unavailable. Should I keep trying or accept they won't change?,relationship
I've been thinking a lot about this. Should I plan my week on Sunday night or Monday morning?,lifestyle
I need advice. We want to move to a better school district but can't afford the houses there. Options?,relocation
I'm good at {subject1} and {subject2}. Which should I pursue as a career? Has anyone been through this?,education
My landlord offered to sell me the house I'm renting. Should I buy it? What would you do?,finance
Should I give up healthy fats completely or allow occasional treats? Has anyone been through this?,health
Really struggling with this. My job is fully remote. Where should I move to maximize my quality of life?,relocation
Here's my situation. I'm in a PhD program and hate it. Should I drop out with a master's?,education
I need advice. Is it dumb to invest in companies I actually use and like?,finance
Help! Should I invest in a taxable brokerage account before maxing retirement accounts?,finance
Big decision ahead. My company wants me to open an office in Singapore. Should I take the expat package?,relocation
Here's my situation. Should I buy a fixer-upper in a great neighborhood or a move-in ready home in an okay area?,finance
Should I turn my hobby into a side business or keep it fun? Any advice?,lifestyle
Help! My friend wants me to be their roommate in Seoul. Should I take the plunge?,relocation
Should we become foster parents even if we don't plan to adopt?,family
"My dream company finally offered me a role, but it's in a different city. What should I do? I really need some perspective.",career
Here's my situation. My parents want to give me money to invest for them. Should I mix our finances?,finance
Here's my situation. Should I tell my child they're adopted or keep it a secret?,family
I need advice. I want to go to law school but the legal job market is brutal. Should I reconsider?,education
I want to move from individual contributor to management. Should I tell my boss? Feeling so lost.,career
Is a master's from an online university respected in education? Am I overthinking this?,education
Is it worth the paperwork nightmare to move to Japan for love? I really need some perspective.,relocation
Should I track my macros or just eat intuitively?,health
I inherited a house that needs major repairs. Should I fix it up or sell as-is? I really need some perspective.,finance
Is moving to a country with a completely different culture a bad idea at 48? Feeling so lost.,relocation
I've been thinking a lot about this. I've been offered a chance to move from sales to product management. Good move?,career
Big decision ahead. I'm considering a PhD in human resources but it takes 15 years. Is it worth it?,education
Should I see a registered dietitian or figure out nutrition myself? Am I overthinking this?,health
Really struggling with this. Should we give our kids an allowance or make them earn money through chores?,family
Should I take out a personal loan to pay off my higher-interest credit cards? Feeling so lost.,finance
Should I get a second-year mortgage or stretch it to {year2} years for lower payments? I really need some perspective.,finance
Not sure what to do. I inherited a house that needs major repairs. Should I fix it up or sell as-is?,finance
My manager just told me I'm on a toxic performance plan. Should I start looking now? Any advice?,career
Here's my situation. I'm being offered a remote position with occasional travel. Is that a good deal?,career
My partner wants to get married in Seattle but my family can't afford to travel there.,relationship
Help! Should I accept a job that requires me to move to Japan?,relocation
I've been thinking a lot about this. Is meal replacement shakes a good option for busy days?,health
We're thinking of moving from Seattle to Denver for a lower cost of living. Worth it? Am I overthinking this?,relocation
I need advice. Should I try an elimination diet to figure out my food sensitivities?,health
I have no idea what to major in. Should I take a gap year to figure it out?,education
My partner never apologizes. Is this a personality trait or a red flag? Any advice?,relationship
Should I put all my money in at once or dollar-cost average? Please help me decide.,finance
Is meal replacement shakes a good option for busy days? Any advice?,health
Should I get a professional certification instead of a full graduate degree?,education
Really struggling with this. Should I practice writing every day or take rest days?,lifestyle
"Should I move to a walkable city and sell my car, or keep the car and the suburbs? Please help me decide.",relocation
I want to switch industries but every job posting wants experience I don't have. How do I break in?,career
Help! Should I pick a major based on passion or earning potential?,education
"Here's my situation. I have $50,000 in credit card debt. Should I consolidate or use the avalanche method?",finance
My partner said they want to 'take a break.' What does that even mean? What would you do?,relationship
Really struggling with this. I'm worried about passing on migraines to my children. Should I have kids anyway?,family
We're thinking of retiring abroad in Canada. Has anyone done this? Am I overthinking this?,relocation
My child has a learning disability. Should we mainstream them or find a specialized school?,family
Really struggling with this. Should I end a 15-year relationship if the sex life has completely died?,relationship
Not sure what to do. My kid wants a dog but I know I'll be the one taking care of it. Should we get one?,family
I'm worried about passing on diabetes to my children. Should I have kids anyway? What would you do?,family
Really struggling with this. Should I take a semester off to figure out what I actually want?,education
Should I hire a personal trainer or figure out workouts on my own? Any advice?,health
Should I invest in a Roth IRA or traditional IRA? Has anyone been through this?,finance
Here's my situation. Is owning a car necessary or should I rely on public transit and rideshare?,lifestyle
Not sure what to do. We're thinking of retiring abroad in Portugal. Has anyone done this?,relocation
I've been thinking a lot about this. Should I move to a city where I know nobody for my dream job?,relocation
"My student loan payment is $1,000 per month. Should I refinance? What would you do?",finance
Should we adopt instead of having biological children? Any advice?,family
Big decision ahead. Should I let my child fail or protect them from every hardship?,family
Really struggling with this. Is it better to invest in ETFs or mutual funds?,finance
Should I give up more vegetables completely or allow occasional treats? I really need some perspective.,health
Help! I have a family to support so I can't just quit. How do I career change responsibly?,career
Here's my situation. College is destroying my mental health. Should I prioritize my wellbeing or push through?,education
Not sure what to do. Is owning a car necessary or should I rely on public transit and rideshare?,lifestyle
Help! Should I freeze my eggs even though I'm not sure I want kids?,family
Help! Is getting an MBA worth it for someone looking to pivot from media to research?,career
I've been thinking a lot about this. Should we make our kids go to church even though we're not religious?,family
Help! My religious family doesn't approve of my partner. Should we still have the wedding?,relationship
Should we have another child when our first was so difficult? Please help me decide.,family
My lease is ending. Should I renew or finally make the move I've been dreaming about? What would you do?,relocation
My friend wants me to be their roommate in Toronto. Should I take the plunge?,relocation
Here's my situation. Should I pick a major based on passion or earning potential?,education
"My side hustle is making $2,000 per month. Should I go full-time? I really need some perspective.",career
Really struggling with this. My friend swears by Whole30 but my doctor is skeptical. Who do I listen to?,health
Help! I have two offers on the table — one from a risky startup and one from a traditional corporation. How do I choose?,career
I'm in my fourth year and want to drop out. My parents will be devastated. What do I do? Has anyone been through this?,education
Not sure what to do. My child has a learning disability. Should we mainstream them or find a specialized school?,family
I have an opportunity to lead a team for the first time but I'm terrified I'll fail. Should I go for it? Any advice?,career
"Is international school worth the cost, or should I put my kids in local schools? I really need some perspective.",relocation
Should I drink green tea every day for the health benefits? I really need some perspective.,health
I've been thinking a lot about this. My doctor recommended cataract surgery but I'm scared of the risks. What should I do?,health
Should we have kids close together or space them out? Any advice?,family
I need advice. Should we get genetic testing before trying to conceive?,family
We're fighting about screen time limits. What's reasonable for a 28-year-old? Has anyone been through this?,family
I've been thinking a lot about this. Should I go to a lower-ranked school with full funding or a top school with no aid?,education
Should we split rent 50/50 or proportionally based on income?,relationship
My teen wants to drop out of sports. Should I make them stick with it? Am I overthinking this?,family
I want to run a marathon but I've never run more than a mile. Where do I start? Any advice?,health
College is destroying my mental health. Should I prioritize my wellbeing or push through? Please help me decide.,education
I found my dream house but it's 40% over my budget. Should I stretch? Please help me decide.,finance
"Is international school worth the cost, or should I put my kids in local schools? What would you do?",relocation
Should I be a stay-at-home parent or keep my career? What would you do?,family
I've been thinking a lot about this. Is moving to a country with a completely different culture a bad idea at 50?,relocation
Not sure what to do. I'm 32 and haven't started investing for retirement. Am I too late?,finance
Should I pick a major based on passion or earning potential? Feeling so lost.,education
Should I propose even though I can't afford an expensive ring right now? Any advice?,relationship
Should I see a registered dietitian or figure out nutrition myself? Has anyone been through this?,health
I've been thinking a lot about this. Should I rebalance my portfolio annually or only when it drifts significantly?,finance
Here's my situation. My house is full of inherited furniture I don't like. Should I keep it for sentimental reasons?,lifestyle
Here's my situation. Should I get vaccinated against HPV even though I'm person with a disability?,health
I found my dream house but it's 75% over my budget. Should I stretch? Feeling so lost.,finance
Big decision ahead. I got recruited by a competitor with a much better package. Should I tell my boss?,career
Really struggling with this. Is owning a car necessary or should I rely on public transit and rideshare?,lifestyle
Help! We're considering having our child skip a grade. Good idea or social suicide?,family
Here's my situation. We agreed to try an open relationship and now I'm miserable. Should I end it?,relationship
Help! Is a master's from an online university respected in supply chain?,education
Really struggling with this. Should I go to a lower-ranked school with full funding or a top school with no aid?,education
I'm considering moving to Berlin sight unseen for a remote job. Bad idea?,relocation
Should I ship my furniture overseas or sell everything and start fresh? Am I overthinking this?,relocation
My partner proposed but I'm not sure I'm ready for marriage. How do I know? Feeling so lost.,relationship
Really struggling with this. Should I combine my Communications major with a Engineering minor for better job prospects?,education
Is intermittent fasting safe for someone with my health conditions?,health
Is probiotics actually beneficial or a waste of money? What would you do?,health
I've been thinking a lot about this. Should I plan every hour of my day or leave room for spontaneity?,lifestyle
Big decision ahead. I keep checking my investment app 30 times a day. Is this unhealthy?,finance
Really struggling with this. I want a big wedding but my partner wants to elope. Can we compromise?,relationship
"Is international school worth the cost, or should I put my kids in local schools? Has anyone been through this?",relocation
I've been thinking a lot about this. Should I end a 15-year relationship if the sex life has completely died?,relationship
Should I go to grad school locally or move across the country for a better program? Has anyone been through this?,education
We can't agree on whether to have kids. Should we get married anyway? Am I overthinking this?,relationship
I'm good at {subject1} and {subject2}. Which should I pursue as a career? I really need some perspective.,education
Is collagen actually beneficial or a waste of money? Feeling so lost.,health
I've been coding on the side and want to become a developer. Should I quit my freelancing? I really need some perspective.,career
I got into my dream school for the wrong major. Should I go anyway? Am I overthinking this?,education
Should I study what I'm good at or what challenges me?,education
I'm considering a PhD in human resources but it takes 8 years. Is it worth it? I really need some perspective.,education
We're considering adopting a child with special needs. Are we ready? Any advice?,family
Here's my situation. Should I read my teen's diary if I'm worried about their mental health?,family
Help! Thinking about pivoting from corporate life to creative work. Anyone done this?,career
I'm good at {subject1} and {subject2}. Which should I pursue as a career? Any advice?,education
Help! Should I drink kombucha every day for the health benefits?,health
College is destroying my mental health. Should I prioritize my wellbeing or push through? I really need some perspective.,education
Should I max out my 401k or pay off my student loans first?,finance
I need advice. I want to move from individual contributor to management. Should I tell my boss?,career
Not sure what to do. Should I keep my citizenship when moving abroad permanently?,relocation
Should I accept a job that requires me to move to Australia? Any advice?,relocation
Should I get a fixer-upper and do the work myself or hire contractors? I really need some perspective.,finance
I've been thinking a lot about this. Should I have my wisdom teeth removed even though they're not bothering me?,health
We moved in together and now we fight about money all the time. Is this normal? I really need some perspective.,relationship
"I need advice. Is it worth waking up early on weekends too, or should I sleep in?",lifestyle
Not sure what to do. My partner has terrible habits around spending. How do I address this?,relationship
Big decision ahead. Should I stop celebrating birthdays with gifts and just spend time together?,lifestyle
Should I prioritize my child's happiness or their future success? Has anyone been through this?,family
Should we move before having kids or wait until after? Has anyone been through this?,relocation
"Big decision ahead. After getting laid off from tech, I'm considering healthcare. Anyone made this switch?",career
I need advice. The company I work for is clearly struggling. Should I jump ship before things get worse?,career
Here's my situation. Should I stop celebrating birthdays with gifts and just spend time together?,lifestyle
My spouse wants to renew our vows but I think it's a waste of money.,relationship
I need advice. Should I sign a prenup? My partner is offended that I even brought it up.,relationship
My spouse got a diplomatic posting to France. Should the whole family go? What would you do?,relocation
Help! Should I buy in the city where I work or the suburbs where I can afford more? I need a car for commuting. Is leasing ever a good idea?,finance
Should I move my elderly parent to live with me abroad or visit them frequently? What would you do?,relocation
I was laid off last month and have been struggling to find something at the same level. Should I lower my expectations? I really need some perspective.,career
Big decision ahead. I want to move from individual contributor to management. Should I tell my boss?,career
"My partner wants me to cut off my best friend. That's controlling, right? I really need some perspective.",relationship
I'm considering buying a condo instead of a house. What are the hidden costs? Any advice?,finance
Should I take out a personal loan to pay off my higher-interest credit cards? I really need some perspective.,finance
Big decision ahead. Should I cut out processed foods or just eat it in moderation?,health
Should I be a stay-at-home parent or keep my career? Has anyone been through this?,family
I need advice. I got into my dream school for the wrong major. Should I go anyway?,education
My doctor says I'm pre-diabetic. Should I go on medication or try lifestyle changes first? Has anyone been through this?,health
I want a big wedding but my partner wants to elope. Can we compromise?,relationship
Help! I still love my ex but I'm with someone new. Should I reach out?,relationship
Not sure what to do. We're married but living like roommates. Is this fixable?,relationship
I'm burned out from undergrad. Should I take time off before grad school? Has anyone been through this?,education
Here's my situation. Should I get genetic testing for arthritis that runs in my family?,health
Really struggling with this. I got accepted to State University for Communications and a community college for Economics. Which should I choose?,education
Should I put all my money in at once or dollar-cost average? What would you do?,finance
I've been thinking a lot about this. I found messages between my partner and their coworker. Should I confront them?,relationship
Should we combine finances after getting married or keep things separate? Any advice?,relationship
"My dentist says I need extensive dental work but it costs $5,000. Is it really necessary? Feeling so lost.",health
Should I move my elderly parent to live with me abroad or visit them frequently? Please help me decide.,relocation
We're debating between authoritative parenting and authoritarian parenting. Which is better? What would you do?,family
Should we tell our families we're trying to conceive or keep it private? I really need some perspective.,family
Should I sell my investments to pay off credit card debt? What would you do?,finance
My PhD advisor is leaving the university. Should I follow them or find a new advisor? Am I overthinking this?,education
I was diagnosed with autism. Should I tell my employer? I really need some perspective.,health
Big decision ahead. I keep failing at my New Year's resolutions. Should I stop making them?,lifestyle
Help! My partner wants to move in together after 3 months. Too soon?,relationship
Should I track my macros or just eat intuitively? Any advice?,health
I'm 55 and have no down payment saved. Should I even think about buying a home? I really need some perspective.,finance
Should I read my teen's diary if I'm worried about their mental health? Am I overthinking this?,family
We're thinking of retiring abroad in Italy. Has anyone done this?,relocation
Not sure what to do. Should I try physical therapy first or go straight to surgery?,health
Help! My partner is emotionally unavailable. Should I keep trying or accept they won't change?,relationship
Not sure what to do. My financial advisor charges 50%. Is that reasonable or should I go fee-only?,finance
I'm engaged but having second thoughts. Is this just cold feet or something more? Has anyone been through this?,relationship
Not sure what to do. My current employer countered my resignation with a huge raise. Should I stay?,career
My child wants to go to a party where I know there will be drinking. Should I let them? I really need some perspective.,family
Help! Should I tell my child they're adopted or keep it a secret?,family
Here's my situation. Should I do a working holiday in Vietnam while I'm still young?,relocation
My nutritionist says I should eat more lean meats. Should I follow their plan exactly? Any advice?,health
Should I track every habit or just focus on the most important ones? Feeling so lost. Should I celebrate my birthday even though I don't feel like it?,lifestyle
Really struggling with this. Should I get vaccinated against pneumonia even though I'm religious minority?,health
Help! We're debating between authoritative parenting and positive parenting. Which is better?,family
Not sure what to do. Should I max out my 401k or pay off my student loans first?,finance
"Is it worth waking up early on weekends too, or should I sleep in? Please help me decide.",lifestyle
My lease is ending. Should I renew or finally make the move I've been dreaming about? I really need some perspective.,relocation
Not sure what to do. I have no hobbies and feel boring. How do I find something I'm passionate about?,lifestyle
Not sure what to do. A recruiter reached out about a role that sounds perfect but requires a cooking certification I don't have. Should I invest in it?,career
Help! Should I hire a personal trainer or figure out workouts on my own?,health
I've been offered a chance to move from sales to product management. Good move? Please help me decide.,career
Here's my situation. I'm 40 and have no down payment saved. Should I even think about buying a home?,finance
Help! I need to choose between two treatment plans. How do I decide?,health
Help! I'm considering a no-buy year. Has anyone done this successfully?,lifestyle
Really struggling with this. Should I have my wisdom teeth removed even though they're not bothering me?,health
I'm pregnant and not sure I want to keep it. How do I make this decision? Feeling so lost.,family
I need to choose between two treatment plans. How do I decide? What would you do?,health
I have no hobbies and feel boring. How do I find something I'm passionate about? What would you do?,lifestyle
Should I invest in South Korea emerging markets or stick to domestic? I really need some perspective.,finance
I've been thinking a lot about this. My nutritionist says I should eat more fish. Should I follow their plan exactly?,health
I've been thinking a lot about this. Should I be a stay-at-home parent or keep my career?,family
Help! My kid is being bullied. Should I call the school or teach them to handle it?,family
I need advice. My advisor says I should add a statistics minor to any major I choose. Good advice?,education
I've been thinking a lot about this. Is it better to make my bed every morning or does it not matter?,lifestyle
"I've been thinking a lot about this. Should I move to a walkable city and sell my car, or keep the car and the suburbs?",relocation
Here's my situation. Thinking about pivoting from corporate life to creative work. Anyone done this?,career
I've been thinking a lot about this. My partner wants 8 kids and I want {num2}. How do we compromise?,family
Should I sell my investments to pay off credit card debt? Please help me decide.,finance
Help! We agreed to try an open relationship and now I'm miserable. Should I end it?,relationship
Really struggling with this. Is it better to rent and invest the difference or buy a home?,finance
My child is struggling socially. Should I arrange playdates or let them figure it out?,family
I've been thinking a lot about this. A recruiter reached out about a role that sounds perfect but requires a playing piano certification I don't have. Should I invest in it?,career
"Really struggling with this. My dentist says I need extensive dental work but it costs $5,000. Is it really necessary?",health
My psychiatrist suggested ECT for my depression. Should I consider it? Am I overthinking this?,health
Should we celebrate every achievement or save praise for big things? Has anyone been through this?,family
"Really struggling with this. I'm 42 and went back to school, but I'm struggling to balance everything. Should I quit?",education
I need advice. We can't agree on whether to have kids. Should we get married anyway?,relationship
Is an MBA worth it at 35 with 6 years of experience? Am I overthinking this?,education
My current employer countered my resignation with a huge raise. Should I stay? I really need some perspective.,career
My teen wants to drop out of sports. Should I make them stick with it? Please help me decide.,family
Should I get vaccinated against pneumonia even though I'm younger employee? I really need some perspective.,health
I failed 8 classes last semester. Should I withdraw or try to recover? Any advice?,education
Should I participate in a clinical trial for my condition? Any advice?,health
"I need advice. I have $5,000 in credit card debt. Should I consolidate or use the avalanche method?",finance
Help! I got accepted to a big state school for English and a technical institute for Engineering. Which should I choose?,education
I'm addicted to buying things when I'm stressed. How do I break this habit? Am I overthinking this?,lifestyle
Really struggling with this. Should I do the 30-day minimalism challenge where you get rid of one thing each day?,lifestyle
Should I track every habit or just focus on the most important ones?,lifestyle
Should I get a third-year mortgage or stretch it to {year2} years for lower payments? Please help me decide.,finance
Big decision ahead. I'm in my fifth year and want to drop out. My parents will be devastated. What do I do?,education
I have chronic pain and doctors can't find the cause. Should I keep searching? Has anyone been through this?,health
"My partner wants me to cut off my best friend. That's controlling, right? Has anyone been through this?",relationship
Big decision ahead. I've been passed over for promotion 5 times now. Should I keep trying or leave?,career
I found out my partner has been lying about laundry. Is this a dealbreaker? What would you do?,relationship
I've been thinking a lot about this. The job market is rough right now. Should I take an offer I'm not excited about just to have income?,career
"Big decision ahead. Is it worth waking up early on weekends too, or should I sleep in?",lifestyle
Here's my situation. We want completely different things in life. Should we break up now or hope things change?,relationship
Really struggling with this. I've been freelancing for a while. Should I go back to a full-time job or keep doing my own thing?,career
Should I pursue a terminal master's or go straight for the doctorate? Please help me decide.,education
Big decision ahead. I want to go to law school but the legal job market is brutal. Should I reconsider?,education
Is Sociology actually a good degree or should I pick something more practical? What would you do?,education
Not sure what to do. Should I take out a personal loan to pay off my higher-interest credit cards?,finance
Should I digitize all my photos or keep the physical albums? Feeling so lost.,lifestyle
"Not sure what to do. Is international school worth the cost, or should I put my kids in local schools?",relocation
I need advice. Should I take out a personal loan to pay off my higher-interest credit cards?,finance
Should I have my wisdom teeth removed even though they're not bothering me? I really need some perspective.,health
I'm worried about passing on migraines to my children. Should I have kids anyway? I really need some perspective.,family
I need advice. Should I get a second opinion on my diagnosis or trust my current doctor?,health
Big decision ahead. My doctor says I need to lose 30 pounds for health reasons. Where do I start?,health
Help! Should I propose even though I can't afford an expensive ring right now?,relationship
I've been freelancing for a while. Should I go back to a full-time job or keep doing my own thing? Any advice?,career
Is an MBA worth it at 25 with 3 years of experience? Feeling so lost.,education
I need advice. We're considering IVF but it's so expensive. Is it worth the financial strain?,family
Should I live with less space and more experiences? Has anyone been through this?,lifestyle
Here's my situation. I was laid off last month and have been struggling to find something at the same level. Should I lower my expectations?,career
Should I declutter my entire house in one weekend or do it gradually? Any advice?,lifestyle
Really struggling with this. Should we make our kids go to church even though we're not religious?,family
I need advice. Should I study what I'm good at or what challenges me?,education
I've been thinking a lot about this. I inherited a house that needs major repairs. Should I fix it up or sell as-is?,finance
My parents want me to study English but I'm passionate about Engineering. How do I decide?,education
Big decision ahead. My partner of 15 years cheated. Can trust ever be rebuilt?,relationship
We fight about guests constantly. Is this normal relationship stuff or are we incompatible? Has anyone been through this?,relationship
Here's my situation. Should I break up with someone who is perfect on paper but I don't feel excited about?,relationship
Should I accept a job that requires me to move to Vietnam? Has anyone been through this?,relocation
Should I invest in individual stocks or stick with index funds? Has anyone been through this?,finance
Not sure what to do. My child is struggling socially. Should I arrange playdates or let them figure it out?,family
My partner wants to adopt but I'm not sure I can love a non-biological child the same.,family
Should I pick up hiking again after 1 years or try something completely new? What would you do?,lifestyle
Big decision ahead. My parents want to give me money to invest for them. Should I mix our finances?,finance
Should I be a stay-at-home parent or keep my career? Am I overthinking this?,family
I'm a freshman and already hate my major. Is it too late to switch? Am I overthinking this?,education
Big decision ahead. Is it too late to become a data scientist at 27?,career
Big decision ahead. Is it better to make my bed every morning or does it not matter?,lifestyle
I'm scared of marriage because my parents divorced. How do I get past this? Feeling so lost.,relationship
Big decision ahead. Should I invite my toxic ex to my wedding because we share a friend group?,relationship
I need a biopsy but my insurance won't cover it. Should I pay out of pocket? I really need some perspective.,health
"Really struggling with this. I got into a top MBA program but have to take on $100,000 in loans. Should I go?",education
The job market is rough right now. Should I take an offer I'm not excited about just to have income? I really need some perspective.,career
My partner wants to go vegan but I love meat. How do we make meals work? Am I overthinking this?,health
Should I double major or focus on one thing and do it well? Please help me decide.,education
Is a home warranty worth it or a waste of money? Any advice?,finance
I need advice. Should I keep my citizenship when moving abroad permanently?,relocation
I need advice. Should I buy a new construction home or something with character that's older?,finance
Should I participate in a clinical trial for my condition? I really need some perspective.,health
I have no idea what to major in. Should I take a gap year to figure it out? Please help me decide.,education
Should we get genetic testing before trying to conceive? Any advice?,family
I've been thinking a lot about this. My child was diagnosed with OCD. Should we tell them or wait?,family
My doctor says I need to reduce sodium. Should I cut it completely? I really need some perspective.,health
Should I study what I'm good at or what challenges me? Please help me decide.,education
Is it minimalist to have a well-stocked pantry or should I shop more frequently? Any advice?,lifestyle
Really struggling with this. Is it too late to become a teacher at 35?,career
I'm stuck between majoring in Philosophy and Data Science. Which has better long-term prospects? Any advice?,education
I'm addicted to buying things when I'm stressed. How do I break this habit? What would you do?,lifestyle
I want to move from individual contributor to management. Should I tell my boss? Am I overthinking this?,career
I need advice. Is it better to invest in ETFs or mutual funds?,finance
We're fighting about screen time limits. What's reasonable for a 45-year-old? Any advice?,family
I've been thinking a lot about this. Should I eat before my morning workout or train fasted?,health
My landlord offered to sell me the house I'm renting. Should I buy it? Has anyone been through this?,finance
Should I minimize my kitchen gadgets or keep the ones I use once a year? What would you do?,lifestyle
Should I get a professional certification instead of a full graduate degree? Please help me decide.,education
Really struggling with this. Is it better to have a strict morning routine or go with the flow?,lifestyle
Should I invest in a taxable brokerage account before maxing retirement accounts? Please help me decide.,finance
My doctor says I need to lose 20 pounds for health reasons. Where do I start? I really need some perspective.,health
I've been thinking a lot about this. My parents want me to study Communications but I'm passionate about Economics. How do I decide?,education
Help! Should I read my teen's diary if I'm worried about their mental health?,family
Here's my situation. I was diagnosed with ADHD. Should I tell my employer?,health
Should I invest in Spain emerging markets or stick to domestic? Has anyone been through this?,finance
Not sure what to do. Should I pick up woodworking again after 2 years or try something completely new?,lifestyle
Really struggling with this. My cholesterol is high. Should I change my diet or take statins?,health
Should I try {cuisine} cuisine for its supposed longevity benefits? Am I overthinking this?,health
Help! My nutritionist says I should eat more healthy fats. Should I follow their plan exactly?,health
Help! We've been together for 12 years and they still won't commit. Should I wait or leave?,relationship
We moved in together and now we fight about chores all the time. Is this normal? Am I overthinking this?,relationship
Should I participate in a clinical trial for my condition? What would you do?,health
Should I accept a job that requires me to move to Spain? Feeling so lost.,relocation
Not sure what to do. Is organic produce worth the extra cost?,health
"Should I go back to school to make a career change, or can I self-teach my way in? Please help me decide.",career
I have no idea what to major in. Should I take a gap year to figure it out? Any advice?,education
Should we let our kids have smartphones before high school? What would you do?,family
Here's my situation. Should we make our kids go to church even though we're not religious?,family
Should I break up with someone who is perfect on paper but I don't feel excited about? What would you do?,relationship
I need advice. My children don't want to move abroad. Should I make them anyway?,relocation
I need advice. Should we give our kids an allowance or make them earn money through chores?,family
I need advice. Is it better to make my bed every morning or does it not matter?,lifestyle
I've been thinking a lot about this. Should we give our kids an allowance or make them earn money through chores?,family
Is it minimalist to have a well-stocked pantry or should I shop more frequently? I really need some perspective.,lifestyle
I've been thinking a lot about this. Should I max out my 401k or pay off my student loans first?,finance
My doctor says I need to lose 40 pounds for health reasons. Where do I start? Any advice?,health
I've been thinking a lot about this. I've been trying to conceive for 8 years. Should we consider fertility treatments?,family
Should we celebrate every achievement or save praise for big things? Am I overthinking this?,family
I need advice. Should I travel abroad for a medical procedure that's cheaper there?,health
I've been thinking a lot about this. I still love my ex but I'm with someone new. Should I reach out?,relationship
Should I try an elimination diet to figure out my food sensitivities? Am I overthinking this?,health
Should I rent a place remotely or stay in temporary housing when I first arrive? Feeling so lost.,relocation
I'm interested in pharmaceuticals but the job market looks terrible. Should I study it anyway? Am I overthinking this?,education
I need advice. Should I move my elderly parent to live with me abroad or visit them frequently?,relocation
My PhD advisor is leaving the university. Should I follow them or find a new advisor? Feeling so lost.,education
My company is relocating to Barcelona and I have to decide by next month. What should I consider? Has anyone been through this?,relocation
Here's my situation. My kid is being bullied. Should I call the school or teach them to handle it?,family
My doctor says I'm pre-diabetic. Should I go on medication or try lifestyle changes first?,health
My parents want to give me money to invest for them. Should I mix our finances? Please help me decide.,finance
My partner and I both got into different grad schools. How do we decide?,education
My partner proposed but I'm not sure I'm ready for marriage. How do I know? Am I overthinking this?,relationship
I've been thinking a lot about this. Is it dumb to invest in companies I actually use and like?,finance
I need advice. Should we adopt instead of having biological children?,family
Here's my situation. Is it better to make my bed every morning or does it not matter?,lifestyle
I've been thinking a lot about this. Should we combine finances after getting married or keep things separate?,relationship
"My partner wants me to cut off my best friend. That's controlling, right? Any advice?",relationship
My current employer countered my resignation with a huge raise. Should I stay? Any advice?,career
My university doesn't offer the exact major I want. Should I transfer or make do?,education
I'm overwhelmed by all my subscriptions. Should I cancel everything and resubscribe only to what I miss? Has anyone been through this?,lifestyle
Should I get a third-year mortgage or stretch it to {year2} years for lower payments?,finance
We got married young and I feel like I missed out. Is that normal? I really need some perspective.,relationship
I need advice. Is a home warranty worth it or a waste of money?,finance
Really struggling with this. I'm pregnant and not sure I want to keep it. How do I make this decision?,family
Should I minor in something completely different from my major? Feeling so lost.,education
Big decision ahead. I have pets. How do I make an international move less traumatic for them?,relocation
Is owning a car necessary or should I rely on public transit and rideshare? Any advice?,lifestyle
Help! Should I bootstrap my startup or take investor money and give up equity?,career
Should I take an entry-level position in a new field or hold out for something senior? Any advice?,career
Is it worth moving to a more expensive city for better career opportunities? I really need some perspective.,relocation
Help! Should I track every habit or just focus on the most important ones?,lifestyle
Help! I got my CPA certification but nobody will hire me without experience. Catch-22?,career
We fight about cooking constantly. Is this normal relationship stuff or are we incompatible? Am I overthinking this?,relationship
I'm burned out from undergrad. Should I take time off before grad school? Am I overthinking this?,education
Should I move to a smaller town where I can afford a house or stay in the city and rent? Has anyone been through this?,relocation
Should we adopt domestically or internationally? Please help me decide.,family
My doctor said I need to leave my physically demanding job. How do I transition to something else at 55? Am I overthinking this?,career
Should I move closer to work to cut my commute or keep my affordable place? What would you do?,relocation
I got recruited by a competitor with a much better package. Should I tell my boss? Any advice?,career
My friend keeps giving me stock tips. Should I listen or stick to my plan?,finance
Big decision ahead. Should we become foster parents even if we don't plan to adopt?,family
Should I go to the ER or wait for an urgent care appointment? Please help me decide.,health
Help! Should I get a second opinion on my diagnosis or trust my current doctor?,health
Here's my situation. Should I double major or focus on one thing and do it well?,education
Here's my situation. My manager just told me I'm on a prestigious performance plan. Should I start looking now?,career
Here's my situation. My partner proposed but I'm not sure I'm ready for marriage. How do I know?,relationship
Is it worth moving to a more expensive city for better career opportunities? Please help me decide.,relocation
Should I study what I'm good at or what challenges me? Any advice?,education
Not sure what to do. Should I hire an international moving company or do it myself?,relocation
Should I freeze my eggs even though I'm not sure I want kids? Feeling so lost.,family
Is it better to make my bed every morning or does it not matter? Feeling so lost.,lifestyle
Is it dumb to invest in companies I actually use and like? What would you do?,finance
I've been passed over for promotion 20 times now. Should I keep trying or leave?,career
We want to move to a better school district but can't afford the houses there. Options? I really need some perspective.,relocation
I have no idea what to major in. Should I take a gap year to figure it out? Am I overthinking this?,education
Should I count calories or focus on eating whole foods? Feeling so lost.,health
Help! Should I buy a rental property instead of a home to live in?,finance
I need advice. I'm stuck between majoring in Music and Data Science. Which has better long-term prospects?,education
Should I be a stay-at-home parent or keep my career? Please help me decide.,family
I want to build a meditation habit. Should I start with 5 minutes or 20? Has anyone been through this?,lifestyle
"Should I wake up at 5am like all the successful people say, or find my own rhythm? Please help me decide.",lifestyle
Should I try {cuisine} cuisine for its supposed longevity benefits? What would you do?,health
"My dream company finally offered me a role, but it's in a different city. What should I do? What would you do?",career
Help! I keep thinking about my ex from years ago. Should I contact them or let it go?,relationship
Is it minimalist to have a well-stocked pantry or should I shop more frequently? Feeling so lost.,lifestyle
Should I pick up skiing again after 5 years or try something completely new? Please help me decide.,lifestyle
Should I track my macros or just eat intuitively? Has anyone been through this?,health
"Big decision ahead. I found the perfect engagement ring but it's $10,000. Is that too much?",relationship
I'm scared of marriage because my parents divorced. How do I get past this?,relationship
Is it dumb to invest in companies I actually use and like? Any advice?,finance
Here's my situation. My partner's mental health issues are draining me. Is it wrong to leave someone who's struggling?,relationship
Really struggling with this. I have no idea what to major in. Should I take a gap year to figure it out?,education
My company wants me to open an office in Colombia. Should I take the expat package? Any advice?,relocation
Is a master's from an online university respected in accounting? Has anyone been through this?,education
I failed 4 classes last semester. Should I withdraw or try to recover?,education
Here's my situation. My employer offers tuition reimbursement for a master's. Should I do it part-time?,education
Should I cut out processed foods or just eat it in moderation? Any advice?,health
Really struggling with this. We're considering adopting a child with special needs. Are we ready?,family
My psychiatrist suggested ECT for my depression. Should I consider it? Feeling so lost.,health
I've been thinking a lot about this. Should I minimize my kitchen gadgets or keep the ones I use once a year?,lifestyle
Should I keep my citizenship when moving abroad permanently? Feeling so lost.,relocation
Here's my situation. Should I force my kid to eat foods they hate or let them have preferences?,family
I've been coding on the side and want to become a developer. Should I quit my my cushy corporate job? What would you do?,career
My nutritionist says I should eat more healthy fats. Should I follow their plan exactly? What would you do?,health
I've been thinking a lot about this. Is an MBA worth it at 50 with 8 years of experience?,education
My child wants to go to a party where I know there will be drinking. Should I let them? Feeling so lost.,family
I was diagnosed with asthma. Should I tell my employer?,health
Should we combine finances after getting married or keep things separate? Feeling so lost.,relationship
Really struggling with this. Should I journal every morning or only when I feel like it?,lifestyle
Should I try physical therapy first or go straight to surgery? I really need some perspective.,health
"Really struggling with this. After 1 years in finance, I realized I hate it. How do I start over?",career
Really struggling with this. I love my partner but I'm not physically attracted to them anymore. Should I end it?,relationship
I've been thinking a lot about this. Should I buy a house now with these high interest rates or wait until next year?,finance
Help! Should I use a paper planner or a digital system?,lifestyle
Help! I failed 20 classes last semester. Should I withdraw or try to recover?,education
I've been thinking a lot about this. I found out my partner has been lying about the thermostat. Is this a dealbreaker?,relationship
I've been a manager for 3 years but my real passion is artist. How do I make the switch? Am I overthinking this?,career
We're considering having our child skip a grade. Good idea or social suicide? Am I overthinking this?,family
My house is full of inherited furniture I don't like. Should I keep it for sentimental reasons? I really need some perspective.,lifestyle
College is destroying my mental health. Should I prioritize my wellbeing or push through? Am I overthinking this?,education
Not sure what to do. My doctor says I'm pre-diabetic. Should I go on medication or try lifestyle changes first?,health
I've been thinking a lot about this. My lease is ending. Should I renew or finally make the move I've been dreaming about?,relocation
My religious family doesn't approve of my partner. Should we still have the wedding? Has anyone been through this?,relationship
Big decision ahead. My child wants to go to a party where I know there will be drinking. Should I let them?,family
Not sure what to do. Should I move to a city where I know nobody for my dream job?,relocation
Not sure what to do. My friend swears by Whole30 but my doctor is skeptical. Who do I listen to?,health
My partner wants to buy and I want to rent. How do we decide? Please help me decide.,finance
My partner wants to buy and I want to rent. How do we decide? Has anyone been through this?,finance
Really struggling with this. Should I put all my money in at once or dollar-cost average?,finance
Really struggling with this. Should I prioritize my child's happiness or their future success?,family
"Is international school worth the cost, or should I put my kids in local schools? Any advice?",relocation
Help! I want to start investing but the market feels really high right now. Should I wait?,finance
Big decision ahead. Is intermittent fasting safe for someone with my health conditions?,health
I'm burned out from undergrad. Should I take time off before grad school?,education
My doctor said I need to leave my physically demanding job. How do I transition to something else at 25? Please help me decide.,career
Help! Should I move to a city where I know nobody for my dream job?,relocation
Should I go to grad school locally or move across the country for a better program?,education
Should I buy in the city where I work or the suburbs where I can afford more? What would you do?,finance
Here's my situation. Is getting a second master's degree in a different field a good idea?,education
My kid is being bullied. Should I call the school or teach them to handle it? Please help me decide.,family
I've been thinking a lot about this. I want to run a marathon but I've never run more than a mile. Where do I start?,health
I've been thinking a lot about this. We're considering moving to Oregon for the tax benefits. Is that a good enough reason?,relocation
I need advice. My university doesn't offer the exact major I want. Should I transfer or make do?,education
Not sure what to do. Is med school worth the debt and stress if I'm not 15% sure I want to be a doctor?,education
I've been thinking a lot about this. I was diagnosed with depression. Should I tell my employer?,health
Big decision ahead. My friend wants me to be their roommate in Dublin. Should I take the plunge?,relocation
Should I cut out alcohol or just eat it in moderation?,health
My partner wants to go vegan but I love meat. How do we make meals work? Please help me decide. Is multivitamins actually beneficial or a waste of money?,health
Help! My partner wants a destination wedding but I want my grandparents there. What do we do?,relationship
Should I buy in the city where I work or the suburbs where I can afford more? Any advice?,finance
Really struggling with this. Should I invite my toxic ex to my wedding because we share a friend group?,relationship
I need advice. I've been coding on the side and want to become a developer. Should I quit my retail?,career
I'm considering a no-buy year. Has anyone done this successfully? Am I overthinking this?,lifestyle
Really struggling with this. Is med school worth the debt and stress if I'm not 50% sure I want to be a doctor?,education
Should I keep a storage unit in my home country or get rid of everything? I really need some perspective.,relocation
We're considering IVF but it's so expensive. Is it worth the financial strain? What would you do?,family
Should I take out a personal loan to pay off my higher-interest credit cards? What would you do?,finance
Not sure what to do. I have pets. How do I make an international move less traumatic for them?,relocation
Really struggling with this. Should I see a registered dietitian or figure out nutrition myself?,health
Really struggling with this. Should I buy a new construction home or something with character that's older?,finance
"My dream company finally offered me a role, but it's in a different city. What should I do? Am I overthinking this?",career
Here's my situation. Is it too late to become a analyst at 32?,career
Is it worth the paperwork nightmare to move to the Netherlands for love? Has anyone been through this?,relocation
"My dentist says I need extensive dental work but it costs $5,000. Is it really necessary? Any advice?",health
I'm considering buying a condo instead of a house. What are the hidden costs? What would you do?,finance
"Should I move to a walkable city and sell my car, or keep the car and the suburbs?",relocation
Big decision ahead. I want to stop procrastinating. Should I use the 2-minute rule or time blocking?,lifestyle
I have a family to support so I can't just quit. How do I career change responsibly? Feeling so lost.,career
Really struggling with this. Should I stop celebrating birthdays with gifts and just spend time together?,lifestyle
Help! I'm interested in human resources but the job market looks terrible. Should I study it anyway?,education
Here's my situation. My co-founder and I keep disagreeing on direction. Should we split up?,career
Is a home warranty worth it or a waste of money? Feeling so lost.,finance
Should we give our kids an allowance or make them earn money through chores? Has anyone been through this?,family
I've always wanted kids but my partner changed their mind. Now what?,family
I need advice. I keep thinking about my ex from years ago. Should I contact them or let it go?,relationship
"Should I become a single parent by choice, or wait for a partner? Has anyone been through this?",family
Is it worth moving to a more expensive city for better career opportunities? Am I overthinking this?,relocation
Is med school worth the debt and stress if I'm not 15% sure I want to be a doctor? Please help me decide.,education
Should I try physical therapy first or go straight to surgery?,health
I've been thinking a lot about this. I have two offers on the table — one from a unique startup and one from a innovative corporation. How do I choose?,career
I got accepted to the local college for Sociology and a private university for Business. Which should I choose? What would you do?,education
Not sure what to do. My doctor recommended sinus surgery but I'm scared of the risks. What should I do?,health
Here's my situation. Is it better to focus on one habit at a time or change multiple at once?,lifestyle
Should I keep a storage unit in my home country or get rid of everything? Any advice?,relocation
I've been thinking a lot about this. My landlord offered to sell me the house I'm renting. Should I buy it?,finance
My child is struggling socially. Should I arrange playdates or let them figure it out? Am I overthinking this?,family
I've been thinking a lot about this. I'm considering buying a condo instead of a house. What are the hidden costs?,finance
Should I journal every morning or only when I feel like it? I really need some perspective.,lifestyle
Really struggling with this. Should I invest in Portugal emerging markets or stick to domestic?,finance
I've been thinking a lot about this. My manager just told me I'm on a creative performance plan. Should I start looking now?,career
I'm in my fifth year and want to drop out. My parents will be devastated. What do I do? Feeling so lost.,education
Here's my situation. My friends are all having kids and I'm feeling left behind. Should that influence my decision?,family
Should I invite my toxic ex to my wedding because we share a friend group? Please help me decide.,relationship
We're debating between authoritative parenting and positive parenting. Which is better? Please help me decide.,family
I found out my partner has been lying about chores. Is this a dealbreaker? Am I overthinking this?,relationship
Big decision ahead. Should I put all my money in at once or dollar-cost average?,finance
Should I stay with someone whose family hates me? Any advice?,relationship
Not sure what to do. I found messages between my partner and their coworker. Should I confront them?,relationship
My kid is being bullied. Should I call the school or teach them to handle it? Any advice?,family
I need advice. My PhD advisor is leaving the university. Should I follow them or find a new advisor?,education
Not sure what to do. Should my partner and I have kids even though we both have demanding careers?,family
I want to read more books this year. Should I set a number goal or just read daily? Has anyone been through this?,lifestyle
My financial advisor charges 60%. Is that reasonable or should I go fee-only? What would you do?,finance
I need advice. I'm 38 and haven't started investing for retirement. Am I too late?,finance
Really struggling with this. We want completely different things in life. Should we break up now or hope things change?,relationship
Help! My partner's mental health issues are draining me. Is it wrong to leave someone who's struggling?,relationship
I need advice. Is the Pomodoro technique actually effective or just trendy?,lifestyle
Should I go to grad school locally or move across the country for a better program? Feeling so lost.,education
Should I cut out processed foods or just eat it in moderation? I really need some perspective.,health
I need advice. Should we become foster parents even if we don't plan to adopt?,family
My child wants to go to a party where I know there will be drinking. Should I let them? What would you do?,family
Should I try {cuisine} cuisine for its supposed longevity benefits?,health
I've been thinking a lot about this. I've been freelancing for a while. Should I go back to a full-time job or keep doing my own thing?,career
I need advice. Should I go to grad school locally or move across the country for a better program?,education
Should I live with less space and more experiences?,lifestyle
Big decision ahead. My partner wants a destination wedding but I want my grandparents there. What do we do?,relationship
My children don't want to move abroad. Should I make them anyway? What would you do?,relocation
Is Mathematics actually a good degree or should I pick something more practical? Please help me decide.,education
I failed 5 classes last semester. Should I withdraw or try to recover? Has anyone been through this?,education
Should I buy in the city where I work or the suburbs where I can afford more?,finance
We're fighting about screen time limits. What's reasonable for a 27-year-old? I really need some perspective.,family
Here's my situation. Should we have another child when our first was so difficult?,family
I got my agile certification but nobody will hire me without experience. Catch-22? Please help me decide.,career
"I found the perfect engagement ring but it's $15,000. Is that too much? I really need some perspective.",relationship
Should I buy in the city where I work or the suburbs where I can afford more? Feeling so lost.,finance
My partner said they want to 'take a break.' What does that even mean? Has anyone been through this?,relationship
I've been thinking a lot about this. I need chemotherapy but my insurance won't cover it. Should I pay out of pocket?,health
Is English actually a good degree or should I pick something more practical? Feeling so lost.,education
I need advice. Should we split rent 50/50 or proportionally based on income?,relationship
I need advice. I'm considering a no-buy year. Has anyone done this successfully?,lifestyle
Really struggling with this. I'm being offered a remote position with frequent travel. Is that a good deal?,career
My current employer countered my resignation with a huge raise. Should I stay? What would you do?,career
We moved in together and now we fight about guests all the time. Is this normal? Please help me decide.,relationship
"Should I wake up at 5am like all the successful people say, or find my own rhythm? I really need some perspective.",lifestyle
I need advice. My job is fully remote. Where should I move to maximize my quality of life?,relocation
Big decision ahead. Should I freeze my eggs even though I'm not sure I want kids?,family
I'm scared of marriage because my parents divorced. How do I get past this? I really need some perspective.,relationship
Should I rent a place remotely or stay in temporary housing when I first arrive? Please help me decide.,relocation
Should we get genetic testing before trying to conceive? Feeling so lost.,family
Really struggling with this. Should I pick a major based on passion or earning potential?,education
My partner said they want to 'take a break.' What does that even mean? Feeling so lost.,relationship
I want to start investing but the market feels really high right now. Should I wait? Am I overthinking this?,finance
We want to move to a better school district but can't afford the houses there. Options? What would you do?,relocation
Help! We're married but living like roommates. Is this fixable?,relationship
I need advice. Should I buy in the city where I work or the suburbs where I can afford more?,finance
Should I pursue a terminal master's or go straight for the doctorate? Any advice?,education
Should I go to the ER or wait for an urgent care appointment? What would you do? My doctor says I need to lose 100 pounds for health reasons. Where do I start?,health
Should we adopt domestically or internationally? Any advice?,family
Should I move back to my hometown or stay in the city where I built my life? Has anyone been through this?,relocation
Here's my situation. Should we have kids close together or space them out?,family
Not sure what to do. My PhD advisor is leaving the university. Should I follow them or find a new advisor?,education
Should I drink green tea every day for the health benefits? Feeling so lost.,health
Not sure what to do. Should I put down 75% to avoid PMI or keep that money invested?,finance
I want a big wedding but my partner wants to elope. Can we compromise? Am I overthinking this?,relationship
I'm considering a PhD in marketing but it takes 6 years. Is it worth it? Has anyone been through this?,education
Not sure what to do. I'm a freshman and already hate my major. Is it too late to switch?,education
Is it better to have a strict morning routine or go with the flow? I really need some perspective.,lifestyle
Here's my situation. Should I move to a city where I know nobody for my dream job?,relocation
Not sure what to do. I've been offered a transfer to our Toronto office. Should I uproot my family and move?,relocation
I still love my ex but I'm with someone new. Should I reach out? Has anyone been through this?,relationship
Really struggling with this. Should we have another child when our first was so difficult?,family
Here's my situation. I've been at my job for 7 years and feel completely stuck. Is it time to move on?,career
Big decision ahead. I have a family. Can I survive grad school while being a parent?,education
My child has a learning disability. Should we mainstream them or find a specialized school? Has anyone been through this?,family
I love my partner but I'm not physically attracted to them anymore. Should I end it? I really need some perspective.,relationship
Not sure what to do. I've been a nurse for 4 years but my real passion is author. How do I make the switch?,career
I've been passed over for promotion 5 times now. Should I keep trying or leave? Am I overthinking this?,career
Should we become foster parents even if we don't plan to adopt? Any advice?,family
I'm tired of winter and want to move somewhere warm. Am I being impulsive? Has anyone been through this?,relocation
Help! Is owning a car necessary or should I rely on public transit and rideshare?,lifestyle
Help! My teen wants to drop out of sports. Should I make them stick with it?,family
Help! Should I move back to my home country after living abroad for 20 years?,relocation
I'm a generalist in a world that wants specialists. How do I market myself? Please help me decide.,career
Help! Is B12 actually beneficial or a waste of money?,health
Really struggling with this. Should I buy in the city where I work or the suburbs where I can afford more?,finance
I'm engaged but having second thoughts. Is this just cold feet or something more? What would you do?,relationship
I got into my dream school for the wrong major. Should I go anyway?,education
Not sure what to do. Should we give our kids an allowance or make them earn money through chores?,family
My neighborhood is changing and I don't feel safe anymore. Should I move? Please help me decide.,relocation
Should we get genetic testing before trying to conceive?,family
"Not sure what to do. My dentist says I need extensive dental work but it costs $5,000. Is it really necessary?",health
Really struggling with this. My doctor says I'm pre-diabetic. Should I go on medication or try lifestyle changes first?,health
Should I double major or focus on one thing and do it well? Any advice?,education
"I've been thinking a lot about this. I have $3,000 in savings earning nothing. Where should I put it?",finance
Help! I'm 42 and thinking about completely changing careers from legal to education. Am I crazy?,career
Really struggling with this. Should we use a sperm donor or keep trying with my partner's sperm?,family
Big decision ahead. We're considering moving to Oregon for the tax benefits. Is that a good enough reason?,relocation
Not sure what to do. We're considering having our child skip a grade. Good idea or social suicide?,family
I'm engaged but having second thoughts. Is this just cold feet or something more? Any advice?,relationship
I need advice. We fight about laundry constantly. Is this normal relationship stuff or are we incompatible?,relationship
Help! My parents want to give me money to invest for them. Should I mix our finances?,finance
Big decision ahead. I'm considering buying a condo instead of a house. What are the hidden costs?,finance
Should I practice a new language every day or take rest days? Feeling so lost.,lifestyle
"Not sure what to do. I have $20,000 in credit card debt. Should I consolidate or use the avalanche method?",finance
Big decision ahead. Is a home warranty worth it or a waste of money?,finance
Not sure what to do. Should I freeze my eggs even though I'm not sure I want kids?,family
Not sure what to do. The new job pays 20% more but requires 40 more hours per week. Worth it?,career
I've been trying to conceive for 15 years. Should we consider fertility treatments? I really need some perspective.,family
My child has a learning disability. Should we mainstream them or find a specialized school? What would you do?,family
Should I use my entire savings for a down payment or keep an emergency fund?,finance
Help! Should I declutter my entire house in one weekend or do it gradually?,lifestyle
My partner and I both got into different grad schools. How do we decide? Am I overthinking this?,education
Help! Should I ship my furniture overseas or sell everything and start fresh?,relocation
Not sure what to do. My company is relocating to Amsterdam and I have to decide by next month. What should I consider?,relocation
I've always wanted kids but my partner changed their mind. Now what? Has anyone been through this?,family
Should I digitize all my photos or keep the physical albums? Any advice?,lifestyle
Should I buy a new construction home or something with character that's older? Any advice?,finance
My parents offered to help with the down payment but want a say in which house. Should I accept? Am I overthinking this?,finance
Here's my situation. My industry is dying and I need to reskill. What's the fastest path to something stable?,career
I'm 22 and thinking about completely changing careers from government to healthcare. Am I crazy? Feeling so lost.,career
Help! My current employer countered my resignation with a huge raise. Should I stay?,career
Here's my situation. Should I move to a new city for a job opportunity or stay where I'm comfortable?,relocation
My children don't want to move abroad. Should I make them anyway?,relocation
Big decision ahead. I found a lump. Should I wait to see if it goes away or see a doctor immediately?,health
Really struggling with this. Should I ship my furniture overseas or sell everything and start fresh?,relocation
Help! I'm in my fifth year and want to drop out. My parents will be devastated. What do I do?,education
Should I pick up dancing again after 1 years or try something completely new? Has anyone been through this?,lifestyle
Big decision ahead. Should I buy a rental property instead of a home to live in? Should I automate my savings or manually transfer money?,finance
I need advice. I found a lump. Should I wait to see if it goes away or see a doctor immediately?,health
Should we give our kids an allowance or make them earn money through chores? Please help me decide.,family
I need advice. Should I go paperless with all my documents or keep physical copies?,lifestyle
We're considering moving to Colorado for the tax benefits. Is that a good enough reason? Any advice?,relocation
My employer offers tuition reimbursement for a master's. Should I do it part-time? Feeling so lost.,education
Should I hire an international moving company or do it myself? Am I overthinking this?,relocation
Not sure what to do. My doctor cleared me for exercise after an ankle injury. Should I start slow or push through?,health
Should I travel abroad for a medical procedure that's cheaper there? I really need some perspective.,health
Help! Should I take an entry-level position in a new field or hold out for something senior?,career
Not sure what to do. Is the Pomodoro technique actually effective or just trendy?,lifestyle
Should I buy a new construction home or something with character that's older? Am I overthinking this?,finance
I've been thinking a lot about this. My friends are all having kids and I'm feeling left behind. Should that influence my decision?,family
I've been thinking a lot about this. We're considering having our child skip a grade. Good idea or social suicide?,family
"I have $2,000 in savings earning nothing. Where should I put it? Feeling so lost.",finance
I need advice. My partner never apologizes. Is this a personality trait or a red flag?,relationship
Should I change my last name when I get married? My partner says they don't care either way. What would you do?,relationship
I've been thinking a lot about this. Should I study what I'm good at or what challenges me?,education
Should I do a thesis-based or course-based master's program? Please help me decide.,education
Really struggling with this. I'm happier when my partner is away on trips. What does that say about us?,relationship
Big decision ahead. Should we give our kids an allowance or make them earn money through chores?,family
I'm considering buying a condo instead of a house. What are the hidden costs? I really need some perspective.,finance
I've been thinking a lot about this. Should we tell our families we're trying to conceive or keep it private?,family
Help! Should I reward myself for hitting habit milestones or rely on intrinsic motivation?,lifestyle
Should I move closer to work to cut my commute or keep my affordable place? Any advice?,relocation
Really struggling with this. Should I move to a city where I know nobody for my dream job?,relocation
My partner and I both got into different grad schools. How do we decide? Please help me decide.,education
Should I use a paper planner or a digital system? Am I overthinking this?,lifestyle
Should I use my entire savings for a down payment or keep an emergency fund? Please help me decide.,finance
"Is it worth waking up early on weekends too, or should I sleep in? I really need some perspective.",lifestyle
My nutritionist says I should eat more legumes. Should I follow their plan exactly? Please help me decide.,health
Really struggling with this. I'm being transferred and need to sell my house in a down market. Should I rent it out instead?,finance
My cholesterol is high. Should I change my diet or take statins? Has anyone been through this?,health
Not sure what to do. Should I use habit stacking to build new routines?,lifestyle
Is meal replacement shakes a good option for busy days? Feeling so lost.,health
My partner and I both got into different grad schools. How do we decide? Any advice?,education
Should I meal prep every Sunday or cook fresh daily? Any advice? My insurance denied coverage for {treatment}. Should I appeal?,health
I want to build a meditation habit. Should I start with 5 minutes or 20? Any advice?,lifestyle
I need advice. My employer offers tuition reimbursement for a master's. Should I do it part-time?,education
I'm considering buying a condo instead of a house. What are the hidden costs? Am I overthinking this?,finance
I'm in a PhD program and hate it. Should I drop out with a master's? Please help me decide.,education
"Help! Should I become a single parent by choice, or wait for a partner?",family
Here's my situation. My university doesn't offer the exact major I want. Should I transfer or make do?,education
Should I ship my furniture overseas or sell everything and start fresh? Has anyone been through this?,relocation
Should we use a sperm donor or keep trying with my partner's sperm? Am I overthinking this? My ex wants to change our custody arrangement because I'm remarried. Can they do that?,family
"Really struggling with this. After getting laid off from tech, I'm considering healthcare. Anyone made this switch?",career
My parents want to give me money to invest for them. Should I mix our finances? Has anyone been through this?,finance
I want to learn to play ukulele. Should I take lessons or use apps? Am I overthinking this?,lifestyle
Should I move to a city where I know nobody for my dream job? Has anyone been through this?,relocation
Should I pick a major based on passion or earning potential? What would you do?,education
Should I take an entry-level position in a new field or hold out for something senior?,career
A recruiter reached out about a role that sounds perfect but requires a meditation certification I don't have. Should I invest in it? I really need some perspective.,career
I need advice. Should I have my wisdom teeth removed even though they're not bothering me?,health
I've been coding on the side and want to become a developer. Should I quit my retail? Feeling so lost.,career
Here's my situation. Should I change my last name when I get married? My partner says they don't care either way.,relationship
I'm addicted to buying things when I'm stressed. How do I break this habit?,lifestyle
Here's my situation. My company offers an ESPP. Should I participate?,finance
I inherited a house that needs major repairs. Should I fix it up or sell as-is?,finance
My manager just told me I'm on a competitive performance plan. Should I start looking now? I really need some perspective.,career
I have a family. Can I survive grad school while being a parent? Has anyone been through this?,education
Should I invest in crypto or is it too risky? Feeling so lost.,finance
Should I sign a prenup? My partner is offended that I even brought it up. Has anyone been through this?,relationship
We agreed to try an open relationship and now I'm miserable. Should I end it? Has anyone been through this?,relationship
I want to switch industries but every job posting wants experience I don't have. How do I break in? Any advice?,career
Should we give our kids an allowance or make them earn money through chores?,family
My child wants to go to a party where I know there will be drinking. Should I let them? Has anyone been through this?,family
Should I minimize my kitchen gadgets or keep the ones I use once a year?,lifestyle
Should I have my wisdom teeth removed even though they're not bothering me?,health
Big decision ahead. Should I participate in a clinical trial for my condition? Should my partner get a vasectomy or should I handle contraception?,health
My company is relocating to London and I have to decide by next month. What should I consider? Feeling so lost.,relocation
Should I buy a rental property instead of a home to live in?,finance
I've been passed over for promotion 15 times now. Should I keep trying or leave? Please help me decide.,career
Not sure what to do. My partner is emotionally unavailable. Should I keep trying or accept they won't change?,relationship
College is destroying my mental health. Should I prioritize my wellbeing or push through? Any advice?,education
"Not sure what to do. I got into a top graduate program but have to take on $20,000 in loans. Should I go?",education
My parents offered to help with the down payment but want a say in which house. Should I accept? What would you do?,finance
Should we use a sperm donor or keep trying with my partner's sperm? What would you do?,family
I'm considering buying a condo instead of a house. What are the hidden costs? Feeling so lost.,finance
Here's my situation. I want to learn to play drums. Should I take lessons or use apps?,lifestyle
Is a home warranty worth it or a waste of money? Please help me decide.,finance
I need advice. I'm engaged but having second thoughts. Is this just cold feet or something more?,relationship
Should I rebalance my portfolio annually or only when it drifts significantly? Has anyone been through this?,finance
I'm 45 and haven't started investing for retirement. Am I too late? Has anyone been through this?,finance
I'm scared of pregnancy and childbirth. Should I reconsider having kids? I really need some perspective.,family
I've been thinking a lot about this. My partner's mental health issues are draining me. Is it wrong to leave someone who's struggling?,relationship
